Customer Segment,Income,Region,Spend,Status,Stays Per Year,Total Days Stayed,Years Of Loyalty,Reedemer
C,H,1,26572.92,Platinum,8,6,0.75,Yes
D,I,1,36711.3,Platinum,2,23,11.25,Yes
Q,D,10,46008.24,Platinum,2,6,2.75,Yes
J,A,5,68500.64,Platinum,2,12,6,Yes
F,A,1,75181.57,Platinum,3,14,4.75,Yes
L,E,7,28183.79,Platinum,2,9,4.5,No
Q,B,10,35847.44,Platinum,8,66,8.25,Yes
O,E,10,55614.12,Platinum,7,12,1.75,Yes
C,I,6,29707.91,Platinum,4,12,3,Yes
U,U,4,26735.56,Platinum,1,1,1,Yes
Q,C,7,20105.13,Platinum,8,82,10.25,Yes
H,E,10,15218.06,Platinum,3,17,5.5,Yes
G,K,1,23389.93,Platinum,10,13,1.25,Yes
D,E,1,23004.78,Platinum,7,35,5,Yes
B,F,3,27485.44,Platinum,1,2,2,Yes
I,F,7,33199.74,Platinum,4,13,3.25,Yes
F,E,1,22760.72,Platinum,2,4,2,Yes
Q,C,1,11118.94,Platinum,2,11,5.25,Yes
O,E,5,31258.38,Platinum,2,2,1,Yes
H,G,5,101037.94,Platinum,2,10,4.75,Yes
J,A,5,13083.55,Platinum,1,5,4.75,Yes
P,B,8,59030.23,Platinum,9,43,4.75,Yes
A,L,2,15642.54,Platinum,1,2,2,Yes
J,B,3,23929.38,Platinum,4,27,6.75,Yes
H,F,4,36239.73,Platinum,2,2,1,Yes
J,F,7,25184.28,Platinum,8,2,0.25,Yes
L,E,10,70745.97,Platinum,1,9,9,Yes
B,J,3,13261.15,Platinum,5,14,2.75,Yes
C,F,10,16057.62,Platinum,4,27,6.75,Yes
P,F,10,4600.58,Platinum,8,2,0.25,No
H,G,1,38570.82,Platinum,2,3,1.5,Yes
U,U,4,6411.46,Platinum,3,3,1,No
C,J,4,9746.4,Platinum,4,15,3.75,No
J,F,8,4495.58,Platinum,2,5,2.25,Yes
J,G,9,29883.56,Platinum,0,0,2.25,Yes
C,H,3,31307.48,Platinum,2,8,3.75,Yes
C,B,3,9929.45,Platinum,4,6,1.5,Yes
E,G,4,19721.71,Platinum,1,1,0.75,Yes
A,H,5,17549.94,Platinum,7,14,2,Yes
O,D,5,5618.06,Platinum,1,1,0.75,Yes
O,D,6,17738.66,Platinum,9,9,1,Yes
I,K,6,22214.94,Platinum,2,10,4.75,Yes
P,D,6,6932.24,Platinum,3,3,1,Yes
P,D,7,21535.02,Platinum,4,1,0.25,Yes
J,C,8,2318.75,Platinum,1,7,6.5,Yes
P,C,9,15287.2,Platinum,10,10,1,No
Q,A,10,46962.06,Platinum,1,1,1.25,Yes
O,C,10,21201.06,Platinum,5,5,1,Yes
D,B,1,12781.03,Platinum,9,16,1.75,No
A,K,1,12279.79,Platinum,5,16,3.25,Yes
D,K,1,2735.49,Platinum,5,6,1.25,No
Q,B,3,29486.29,Platinum,4,51,12.75,No
F,E,4,12695.95,Platinum,1,2,1.75,Yes
O,C,5,7883.5,Platinum,2,2,0.75,Yes
S,C,5,20122.02,Platinum,1,3,2.75,Yes
E,F,5,4487.58,Platinum,5,43,8.5,No
A,I,10,4285.59,Platinum,2,2,1,Yes
H,B,10,5911.89,Platinum,11,33,3,No
C,J,2,4388.9,Platinum,0,0,3.25,Yes
H,G,3,45189.94,Platinum,7,82,11.75,Yes
E,D,3,14197.4,Platinum,1,4,3.5,Yes
O,D,5,2541.3,Platinum,4,4,1,No
I,E,5,45964.98,Platinum,4,20,5,Yes
J,F,9,2417.84,Platinum,5,23,4.5,No
A,K,10,10458.49,Silver,4,8,2,Yes
K,F,10,5486.26,Silver,1,2,2.25,Yes
I,D,10,1815.52,Silver,8,14,1.75,No
J,F,1,1515.68,Silver,2,25,12.5,No
C,F,1,11695.44,Silver,5,44,8.75,Yes
A,L,1,4040.19,Silver,8,24,3,No
P,B,1,1275.94,Silver,10,3,0.25,No
H,F,1,4965.77,Silver,1,2,1.75,Yes
A,K,2,3185.88,Silver,5,6,1.25,No
A,H,2,5990.7,Silver,10,3,0.25,No
A,J,3,1363.46,Silver,2,9,4.5,No
U,U,3,19100.5,Silver,1,1,1,Yes
U,U,3,1863.81,Silver,2,2,1,No
C,G,3,1660.1,Silver,1,5,4.5,No
C,G,3,6078.11,Silver,2,13,6.5,Yes
U,U,4,49008.46,Silver,4,4,1,Yes
O,B,4,4085,Silver,4,4,1,No
A,L,4,14777.31,Silver,6,32,5.25,Yes
E,E,5,2851,Silver,4,5,1.25,No
D,E,5,6127.66,Silver,1,3,3.25,Yes
J,C,6,964.12,Silver,5,14,2.75,No
E,E,6,5340.17,Silver,4,25,6.25,No
J,E,6,1984.69,Silver,4,40,10,No
Q,B,6,9378.87,Silver,10,20,2,No
H,C,6,2308.42,Silver,2,1,0.25,No
I,G,7,749.3,Silver,4,20,5,No
J,D,7,776.43,Silver,2,5,2.25,No
M,A,8,13498.64,Silver,6,24,4,Yes
J,D,8,9077.19,Silver,8,80,10,No
U,U,9,10919.01,Silver,10,10,1,No
K,A,9,19584.93,Silver,5,6,1.25,Yes
Q,A,9,3880.62,Silver,5,6,1.25,No
A,H,9,1381.86,Silver,1,1,1.25,No
D,H,9,2653.86,Silver,1,3,2.75,Yes
K,C,9,3284.31,Silver,3,2,0.75,No
D,B,9,1128.15,Silver,2,4,1.75,No
E,G,9,15674.5,Silver,7,9,1.25,Yes
U,U,10,657.63,Silver,1,1,1,No
F,F,10,1517.9,Silver,8,18,2.25,No
E,E,10,3885.57,Silver,12,9,0.75,No
I,E,10,4522.66,Silver,7,25,3.5,No
A,F,10,4584.06,Silver,2,8,3.75,No
P,D,10,4168.84,Silver,7,7,1,No
O,E,10,7466.22,Silver,2,1,0.25,No
P,E,10,4343.38,Silver,4,10,2.5,No
O,E,10,1786.23,Silver,6,2,0.25,No
Q,G,10,11412.56,Silver,2,3,1.5,Yes
U,U,10,5188.41,Silver,1,1,1,Yes
G,D,10,2048.11,Silver,5,16,3.25,No
P,G,10,1456.14,Silver,10,18,1.75,No
O,C,10,2958.62,Silver,2,2,0.75,No
D,E,10,7596.75,Silver,4,25,6.25,No
P,G,10,14803.82,Silver,11,22,2,No
C,B,10,7713.03,Silver,2,14,6.75,Yes
G,E,10,3139.34,Silver,4,8,2,No
B,H,10,570.9,Silver,10,33,3.25,No
B,E,10,1181.18,Silver,4,19,4.75,No
K,A,10,4409.95,Silver,2,8,4,No
U,U,1,807.76,Silver,10,10,1,No
E,B,1,14658.46,Silver,4,31,7.75,Yes
H,E,1,503.77,Silver,2,12,6,No
C,J,1,3599.26,Silver,4,24,6,No
A,K,1,1281.25,Silver,10,30,3,No
C,F,1,3515.86,Silver,5,34,6.75,No
B,E,1,5937.74,Silver,3,32,10.5,No
A,L,1,4999.48,Silver,8,26,3.25,No
U,U,1,562.14,Silver,1,1,1,No
C,F,1,7899.41,Silver,4,31,7.75,No
B,H,1,2032.75,Silver,10,10,1,No
U,U,1,4017.8,Silver,5,5,1,No
B,G,1,3400.76,Silver,5,25,5,No
O,C,1,2649.29,Silver,4,2,0.5,No
O,D,1,2022.81,Silver,7,7,1,No
U,U,2,3447.93,Silver,12,12,1,No
A,J,2,1771.11,Silver,1,1,1,No
H,G,2,2092.46,Silver,6,17,2.75,No
B,K,2,10210.82,Silver,9,20,2.25,No
Q,A,2,6893.37,Silver,9,5,0.5,No
C,F,3,6850.49,Silver,5,14,2.75,No
I,F,3,4013.98,Silver,6,17,2.75,No
O,E,3,7454.38,Silver,5,18,3.5,No
J,D,3,2400.37,Silver,1,8,7.5,Yes
O,C,3,2401.79,Silver,3,2,0.5,No
C,I,3,2576.01,Silver,1,3,2.75,No
U,U,3,1813.57,Silver,2,2,1,No
C,C,3,1585.78,Silver,2,11,5.25,No
H,G,3,2564.66,Silver,2,2,1,No
E,F,3,1351.35,Silver,9,16,1.75,No
C,G,3,3617.58,Silver,2,6,3,No
B,E,3,1452.13,Silver,6,8,1.25,No
C,B,3,1344.26,Silver,2,4,1.75,No
O,D,3,794.9,Silver,4,24,6,No
F,F,3,7097.46,Silver,7,7,1,No
J,B,4,4248.72,Silver,3,12,4,No
L,E,4,701.1,Silver,2,17,8.5,No
G,G,4,367.25,Silver,1,1,1,No
Q,C,4,626.02,Silver,3,4,1.25,No
P,B,4,2360.99,Silver,4,7,1.75,No
L,A,4,1858.64,Silver,1,3,3,No
L,E,4,533.24,Silver,5,26,5.25,No
A,L,4,3094.61,Silver,7,39,5.5,No
O,C,4,6769.14,Silver,4,3,0.75,No
U,U,4,6187.05,Silver,2,2,1,Yes
C,F,4,1895.06,Silver,3,11,3.5,No
B,F,4,16491.82,Silver,9,18,2,No
Q,C,4,5312.54,Silver,3,5,1.5,No
H,G,4,4417.57,Silver,1,2,1.75,Yes
L,G,5,14056.38,Silver,9,43,4.75,No
J,F,5,3566.87,Silver,4,29,7.25,No
E,E,5,1996.28,Silver,9,56,6.25,No
O,D,5,1066.94,Silver,4,2,0.5,No
B,H,5,3087.97,Silver,6,18,3,No
J,D,5,4094.33,Silver,3,32,10.5,No
I,D,5,12773.14,Silver,1,1,0.75,Yes
U,U,5,7303.44,Silver,1,1,1,Yes
H,E,5,2245.15,Silver,2,3,1.5,No
M,E,5,549.36,Silver,10,15,1.5,No
B,K,5,1153.74,Silver,8,12,1.5,No
D,B,5,5084.06,Silver,2,2,1,Yes
F,E,5,28054.51,Silver,3,3,1,Yes
F,E,5,2032.22,Silver,1,2,1.5,Yes
K,C,5,12126.73,Silver,9,5,0.5,Yes
A,L,5,405.74,Silver,9,25,2.75,No
P,A,5,4992.02,Silver,5,29,5.75,No
K,H,5,916.13,Silver,2,3,1.25,No
U,U,5,6655.07,Silver,2,2,1,Yes
E,E,5,3743.64,Silver,10,73,7.25,No
B,F,5,375.04,Silver,8,44,5.5,No
L,F,5,14702.06,Silver,4,39,9.75,Yes
E,D,5,1200.59,Silver,2,18,8.75,No
A,K,5,2917.1,Silver,8,16,2,No
D,A,5,2889.6,Silver,2,10,4.75,No
O,A,5,4131.71,Silver,8,6,0.75,No
F,H,5,845.87,Silver,9,5,0.5,No
O,D,5,2409.92,Silver,2,5,2.5,No
A,K,6,2765.3,Silver,3,12,4,No
I,E,6,11372.91,Silver,2,11,5.5,Yes
G,E,6,8482.29,Silver,6,17,2.75,No
H,E,6,2047.74,Silver,2,1,0.5,Yes
O,C,6,3370.54,Silver,2,1,0.5,Yes
L,E,6,3445.56,Silver,3,20,6.75,No
B,I,6,7248.48,Silver,1,2,2.25,Yes
A,F,6,642.57,Silver,5,14,2.75,No
P,A,6,400.35,Silver,3,14,4.75,No
I,D,6,1498.85,Silver,1,3,3,Yes
O,E,6,10353.14,Silver,1,2,1.75,Yes
F,G,6,13332.66,Silver,1,0,0.25,Yes
O,C,6,5258.34,Silver,5,6,1.25,No
C,F,6,1257.46,Silver,8,18,2.25,No
K,D,6,7062.24,Silver,3,3,1,Yes
O,C,6,12484.38,Silver,6,5,0.75,No
K,D,6,1156.01,Silver,5,14,2.75,No
C,G,6,3262.96,Silver,8,34,4.25,No
C,A,6,15181.32,Silver,1,2,2,Yes
B,E,6,8996.78,Silver,7,18,2.5,No
L,E,7,2395.09,Silver,0,0,2,Yes
O,C,7,5508.3,Silver,1,1,1.25,Yes
C,F,7,2877.74,Silver,3,16,5.25,No
A,L,7,768.43,Silver,8,14,1.75,No
J,E,7,1697.19,Silver,1,3,2.75,Yes
L,D,7,3882.74,Silver,1,11,11,Yes
O,D,7,7580.81,Silver,1,1,1,Yes
B,F,7,11353.94,Silver,1,5,4.75,Yes
I,E,7,1676.46,Silver,1,5,4.75,Yes
J,D,7,1196.33,Silver,2,7,3.25,No
E,C,7,557.19,Silver,4,17,4.25,No
R,A,7,798.58,Silver,7,9,1.25,No
L,B,7,3423.64,Silver,1,11,10.75,No
D,F,7,2378.66,Silver,7,65,9.25,No
B,G,7,3387.14,Silver,2,5,2.25,No
H,G,7,7420.14,Silver,7,11,1.5,No
J,D,7,323.63,Silver,2,6,3,No
P,E,7,1989.79,Silver,2,1,0.5,No
Q,A,7,2429.22,Silver,2,2,1,Yes
H,F,8,19863.51,Silver,6,23,3.75,Yes
I,F,8,4885.41,Silver,10,25,2.5,No
C,H,8,21413.67,Silver,1,8,8.25,Yes
C,E,8,889.36,Silver,2,4,2,No
L,E,8,1250.65,Silver,10,83,8.25,No
L,D,8,4944.12,Silver,3,7,2.25,No
P,F,8,2528.47,Silver,9,7,0.75,No
U,U,8,10611.11,Silver,1,1,1,No
B,C,8,3070.73,Silver,9,18,2,No
C,G,9,5095.96,Silver,3,11,3.75,Yes
U,U,9,7506.56,Silver,1,1,1,Yes
U,U,9,1408.65,Silver,2,2,1,No
L,E,9,9450.7,Silver,8,56,7,No
C,H,9,974.9,Silver,3,14,4.75,No
C,D,9,8492.84,Silver,3,8,2.5,Yes
S,D,9,3564.54,Silver,1,1,0.75,Yes
A,K,9,1544.05,Silver,4,1,0.25,No
C,E,9,469.9,Silver,5,28,5.5,No
E,G,9,3103.97,Silver,1,8,8.25,Yes
A,J,9,9841.06,Silver,4,6,1.5,Yes
P,F,9,854.29,Silver,5,43,8.5,No
I,H,10,4200.16,Silver,6,5,0.75,No
C,G,10,721.2,Silver,4,20,5,No
G,E,10,2683.66,Silver,4,6,1.5,No
L,B,10,5608.9,Silver,3,35,11.5,No
K,E,10,4589.43,Silver,0,0,1,Yes
U,U,10,3967.54,Silver,1,1,1,No
P,D,10,1600.54,Silver,2,4,2,No
P,C,10,644.26,Silver,1,1,1,No
C,F,10,1523.52,Silver,2,12,5.75,No
C,E,10,1607.43,Silver,0,0,4.75,Yes
O,C,10,2575.51,Silver,7,7,1,No
G,C,10,1624.59,Silver,1,2,2,No
B,F,10,2419.27,Silver,1,4,3.75,Yes
I,D,10,8994.72,Silver,7,7,1,No
U,U,10,3218.22,Silver,2,2,1,Yes
A,J,10,3411.42,Silver,6,38,6.25,No
K,G,10,3230.99,Silver,8,6,0.75,No
K,H,10,797.18,Silver,4,4,1,No
E,D,10,3611.99,Silver,3,30,10,No
Q,A,10,302.91,Silver,1,0,0.25,No
P,G,10,9567.16,Silver,3,4,1.25,Yes
P,E,10,622.98,Silver,3,3,1,No
E,G,10,452.99,Silver,3,2,0.5,No
G,B,10,6569.69,Silver,5,1,0.25,No
P,A,10,17305.29,Silver,8,20,2.5,Yes
I,F,10,4674.4,Silver,2,5,2.25,No
Q,A,10,3450.56,Silver,1,4,3.75,No
U,U,10,11492.16,Silver,5,5,1,No
U,U,10,3803.44,Silver,2,2,1,No
G,C,10,3722.04,Silver,2,4,1.75,Yes
C,H,10,1656.65,Silver,3,25,8.25,No
A,I,10,1869.53,Silver,1,3,2.75,Yes
C,D,10,5942.91,Silver,5,25,5,No
F,H,1,8254.65,Silver,8,8,1,No
F,E,1,2062.31,Silver,2,2,0.75,No
K,E,1,6640.78,Silver,8,2,0.25,No
P,D,1,1080.8,Silver,2,2,1,No
J,A,1,2054.55,Silver,4,1,0.25,No
B,F,1,8226.98,Silver,5,13,2.5,No
C,G,1,3581.11,Silver,4,22,5.5,No
A,L,1,15674.7,Silver,3,11,3.5,Yes
C,F,1,3075.23,Silver,2,6,3,Yes
A,J,1,3000.76,Silver,6,20,3.25,No
C,G,1,11665.07,Silver,4,21,5.25,No
D,H,1,2967.52,Silver,1,5,4.5,Yes
I,D,1,10362.06,Silver,2,1,0.25,Yes
H,G,1,4662.26,Silver,3,1,0.25,No
P,D,1,3124.8,Silver,4,11,2.75,No
H,J,1,2993.25,Silver,7,14,2,No
Q,B,1,2914.82,Silver,9,18,2,No
C,F,1,1438.03,Silver,1,4,4,No
R,C,1,581.3,Silver,2,1,0.25,No
B,F,1,3904.83,Silver,11,19,1.75,No
U,U,1,13405.86,Silver,2,2,1,No
K,D,1,6930.87,Silver,7,4,0.5,No
P,D,1,3048.17,Silver,2,2,0.75,Yes
A,H,2,2357.39,Silver,4,11,2.75,No
A,L,2,1282.92,Silver,4,5,1.25,No
A,J,2,6454.96,Silver,1,1,1,Yes
U,U,2,1987.26,Silver,5,5,1,No
B,H,2,2389.58,Silver,5,10,2,No
H,G,2,4045.23,Silver,6,32,5.25,No
B,G,2,1068.27,Silver,3,11,3.75,No
C,G,3,2267.79,Silver,1,0,0.25,No
A,L,3,1918.25,Silver,8,8,1,No
P,B,3,1072.93,Silver,7,23,3.25,No
C,G,3,514.59,Silver,9,47,5.25,No
K,D,3,2574.63,Silver,4,8,2,No
L,I,3,6108.62,Silver,2,15,7.5,Yes
O,C,3,2476.38,Silver,9,14,1.5,No
L,E,3,1800.7,Silver,6,26,4.25,No
C,G,3,527.37,Silver,4,10,2.5,No
F,G,3,3990.38,Silver,3,1,0.25,No
O,D,3,11796.21,Silver,2,1,0.5,Yes
F,E,3,1421.22,Silver,2,6,3,No
R,C,3,17021.04,Silver,3,8,2.5,Yes
O,C,3,4228.18,Silver,2,1,0.25,No
Q,C,3,4143.2,Silver,10,65,6.5,No
B,E,3,3001.59,Silver,2,4,2,No
I,E,3,1313.46,Silver,9,25,2.75,No
H,G,3,656.42,Silver,1,4,4.25,No
H,E,4,394.73,Silver,0,0,0.75,Yes
H,F,4,2263.68,Silver,2,5,2.5,No
O,D,4,1632.06,Silver,9,5,0.5,No
H,B,4,3923.94,Silver,2,2,0.75,No
B,H,4,2924.3,Silver,1,4,4,Yes
I,D,4,3143.06,Silver,0,0,0.25,Yes
A,F,4,6385,Silver,6,17,2.75,No
S,C,4,4113.86,Silver,10,3,0.25,No
B,K,4,789.94,Silver,2,4,2,No
O,A,4,2511.19,Silver,1,0,0.25,Yes
B,L,4,3110.28,Silver,7,11,1.5,No
E,G,4,1801.38,Silver,4,25,6.25,No
H,F,4,2249.6,Silver,2,6,3,No
C,B,4,13567.14,Silver,11,58,5.25,No
F,F,4,6367.82,Silver,1,2,2.25,Yes
B,F,4,23359.49,Silver,2,8,3.75,Yes
H,H,4,1947.18,Silver,2,6,3,No
E,F,4,3177.3,Silver,8,24,3,No
D,F,4,2645.96,Silver,3,7,2.25,No
D,F,4,862.54,Silver,6,26,4.25,No
C,J,4,3331.16,Silver,2,5,2.25,No
I,B,4,607.14,Silver,10,15,1.5,No
D,G,4,3251.7,Silver,9,9,1,No
H,E,4,2145.02,Silver,2,1,0.25,No
D,F,4,4173.94,Silver,1,5,4.75,Yes
J,F,4,5194.18,Silver,7,37,5.25,No
B,E,4,3754.3,Silver,2,3,1.25,No
H,I,4,3788.49,Silver,3,5,1.5,No
Q,A,4,2213.68,Silver,7,9,1.25,No
H,A,4,759.34,Silver,1,1,0.75,No
B,F,5,2837.38,Silver,6,15,2.5,No
H,F,5,7170.02,Silver,2,6,2.75,Yes
C,F,5,1511.97,Silver,4,16,4,No
K,F,5,5996.95,Silver,1,1,1.25,No
E,F,5,1093.66,Silver,4,9,2.25,No
A,F,5,5515.16,Silver,2,6,2.75,No
L,C,5,841.98,Silver,1,2,2,No
G,E,5,7813.5,Silver,8,4,0.5,No
P,B,5,5296.54,Silver,0,0,0.5,Yes
O,B,5,2609.67,Silver,1,1,1.25,No
C,F,5,1273.54,Silver,1,6,6,No
I,G,5,6768.34,Silver,1,3,2.75,Yes
H,F,5,2241.48,Silver,2,5,2.5,No
B,F,5,655.43,Silver,2,12,6,No
E,C,5,3546.26,Silver,3,8,2.75,No
S,A,5,2708.67,Silver,5,9,1.75,No
J,A,5,4133.9,Silver,1,8,8.25,Yes
Q,A,5,884.44,Silver,5,45,9,No
S,C,5,9965.54,Silver,2,4,1.75,Yes
O,A,5,7212.78,Silver,4,2,0.5,No
B,K,5,6208.71,Silver,8,14,1.75,No
Q,A,5,2118.18,Silver,4,36,9,No
D,H,5,1816.22,Silver,4,5,1.25,No
C,F,5,2115.4,Silver,1,5,4.75,No
K,D,5,1356.29,Silver,2,2,1,No
A,H,5,3178.96,Silver,6,29,4.75,No
G,B,5,4655.1,Silver,6,8,1.25,No
Q,C,5,3380.72,Silver,9,32,3.5,No
H,H,5,1229.45,Silver,7,18,2.5,No
H,E,5,5473.57,Silver,2,2,1,Yes
L,F,5,2706.11,Silver,8,32,4,No
H,F,5,2025.5,Silver,8,42,5.25,No
O,C,5,3438.16,Silver,2,5,2.5,No
O,D,5,7462.5,Silver,4,2,0.5,No
L,E,5,2932.15,Silver,2,12,6,No
I,E,5,2250.08,Silver,9,16,1.75,No
H,G,5,5160.44,Silver,3,9,3,No
B,H,6,3571.78,Silver,5,23,4.5,No
I,E,6,2280.66,Silver,5,21,4.25,No
K,B,6,4052.05,Silver,4,10,2.5,No
L,D,6,3607.45,Silver,6,27,4.5,No
U,U,6,2610.77,Silver,5,5,1,No
K,D,6,891.71,Silver,7,11,1.5,No
Q,A,6,3188.01,Silver,10,5,0.5,No
E,D,6,2891.49,Silver,3,11,3.75,No
B,G,6,6189.31,Silver,7,7,1,No
H,F,6,5865.34,Silver,2,2,1,Yes
O,H,6,2492.55,Silver,1,1,0.75,Yes
J,G,6,4081.42,Silver,1,12,12,Yes
E,H,6,5131.66,Silver,2,4,2,Yes
P,D,6,4308.1,Silver,2,6,2.75,Yes
K,D,6,4686.8,Silver,1,1,0.75,Yes
Q,B,6,3851.81,Silver,7,4,0.5,No
L,E,6,857.97,Silver,4,20,5,No
P,D,6,10432.34,Silver,2,18,9,Yes
G,D,6,3075.96,Silver,7,7,1,No
P,D,6,1261.48,Silver,2,2,1,No
C,F,6,3726.33,Silver,1,9,8.75,Yes
R,D,7,2721.22,Silver,7,19,2.75,No
U,U,7,1003.79,Silver,3,3,1,No
B,E,7,428.51,Silver,9,11,1.25,No
O,D,7,4075.13,Silver,2,1,0.25,Yes
O,C,7,10477.08,Silver,1,0,0.25,Yes
Q,A,7,456.78,Silver,1,0,0.25,No
C,I,7,2753.75,Silver,10,23,2.25,No
L,E,7,4560.42,Silver,4,18,4.5,No
I,E,7,545.38,Silver,4,36,9,No
L,G,7,4825.15,Silver,1,7,6.75,Yes
J,B,7,2237.61,Silver,1,5,4.75,Yes
L,E,7,3690.47,Silver,2,10,4.75,No
U,U,7,1184.73,Silver,1,1,1,Yes
I,E,7,5058.31,Silver,3,15,5,No
J,C,7,7595.97,Silver,2,19,9.5,Yes
A,H,7,1886.9,Silver,7,7,1,No
S,B,7,2491.93,Silver,5,5,1,No
G,D,7,892.42,Silver,1,1,0.75,No
O,F,7,1617.35,Silver,1,4,3.5,Yes
J,D,7,2484.84,Silver,3,27,9,No
H,D,8,764.54,Silver,10,18,1.75,No
J,I,8,1628.14,Silver,1,6,5.75,No
H,G,8,2981.55,Silver,4,7,1.75,No
C,B,8,2098.27,Silver,1,9,8.75,Yes
C,E,8,890.33,Silver,2,11,5.5,No
L,E,8,4616.51,Silver,6,39,6.5,No
P,D,8,1086.03,Silver,4,6,1.5,No
E,E,8,873.18,Silver,3,3,1,No
D,E,8,1757.21,Silver,1,3,2.5,Yes
S,C,8,605.07,Silver,2,1,0.25,No
C,H,8,2608.14,Silver,2,5,2.25,No
K,A,8,1137.7,Silver,2,2,1,No
D,F,8,3502.34,Silver,1,5,5,Yes
J,E,8,2986.64,Silver,1,4,3.75,Yes
F,E,8,1809.76,Silver,1,1,0.75,Yes
D,G,8,2216.34,Silver,2,4,2,No
L,B,8,4978.62,Silver,9,27,3,No
H,F,9,6731.78,Silver,4,14,3.5,No
P,B,9,9700.3,Silver,4,2,0.5,Yes
D,G,9,5688.58,Silver,1,2,2.25,Yes
I,F,9,3321.56,Silver,1,4,4.25,Yes
C,I,9,1155.14,Silver,11,36,3.25,No
D,G,9,3886.89,Silver,6,5,0.75,No
F,E,9,2349.6,Silver,4,8,2,No
C,G,9,8226.83,Silver,10,10,1,No
B,J,9,1568.86,Silver,7,25,3.5,No
U,U,9,6824.54,Silver,7,7,1,No
J,G,9,6618.1,Silver,2,17,8.25,No
P,C,9,2798.36,Silver,5,4,0.75,No
K,E,9,4625.04,Silver,2,1,0.25,Yes
D,G,9,1963.31,Silver,1,1,1,Yes
H,G,9,4762.18,Silver,1,3,2.75,Yes
F,H,9,1181.98,Silver,1,1,1,No
A,L,9,2576.38,Silver,5,24,4.75,No
Q,A,9,4624.02,Silver,1,2,2,Yes
U,U,9,20545.38,Silver,2,2,1,Yes
L,E,10,4003,Silver,5,26,5.25,No
C,F,10,1556.61,Silver,11,63,5.75,No
A,J,10,2092.18,Silver,7,12,1.75,No
D,C,10,4494.16,Silver,10,10,1,No
A,I,10,4298.01,Silver,8,8,1,No
K,A,10,2379.5,Silver,2,1,0.5,No
P,F,10,7447.78,Silver,5,19,3.75,No
A,L,10,589.94,Silver,5,9,1.75,No
K,C,10,429.84,Silver,2,2,0.75,No
L,C,10,2998.69,Silver,6,17,2.75,No
O,B,10,3559.85,Silver,6,3,0.5,No
J,A,10,5328.06,Silver,10,90,9,No
O,A,10,4963,Silver,2,1,0.5,Yes
H,E,10,1940.18,Silver,8,34,4.25,No
O,C,10,3635.94,Silver,5,5,1,No
A,J,10,2528.44,Silver,1,4,3.5,No
B,F,10,615.83,Silver,9,61,6.75,No
U,U,10,5954.43,Silver,4,4,1,No
A,L,10,17765.96,Silver,1,1,1,Yes
J,G,10,2148.33,Silver,3,8,2.5,No
C,J,10,5940.84,Silver,7,39,5.5,No
H,A,10,2395.86,Silver,8,18,2.25,No
U,U,10,1875.38,Silver,1,1,1,No
G,E,10,2868.06,Silver,3,3,1,No
O,C,10,3744.22,Silver,2,1,0.5,No
K,G,10,1172.24,Silver,1,3,3,Yes
Q,C,10,7214.74,Silver,0,0,2.5,Yes
B,D,1,1667.46,Silver,5,13,2.5,No
E,F,1,1151.39,Silver,1,2,1.75,Yes
B,K,1,2104.62,Silver,9,18,2,No
P,D,1,523.79,Silver,6,3,0.5,No
H,F,1,2067.24,Silver,1,1,1.25,Yes
G,F,1,3203.69,Silver,3,2,0.75,No
O,D,1,2004.1,Silver,5,5,1,No
D,E,1,1481.84,Silver,5,24,4.75,No
E,G,1,1744.14,Silver,1,0,0.25,Yes
G,F,1,3337.51,Silver,2,2,0.75,No
O,E,1,12785.13,Silver,0,0,2,Yes
O,F,1,10981.28,Silver,4,5,1.25,Yes
P,A,1,2255.94,Silver,10,15,1.5,No
I,B,1,2352.09,Silver,4,3,0.75,No
I,E,1,207.89,Silver,3,4,1.25,No
A,J,1,1631.7,Silver,9,11,1.25,No
P,D,1,1138.28,Silver,3,5,1.5,No
O,A,1,3392.01,Silver,3,1,0.25,No
C,E,1,9531.62,Silver,8,50,6.25,No
L,E,1,4398.05,Silver,4,19,4.75,No
E,D,1,4930.61,Silver,5,3,0.5,No
U,U,1,3180.47,Silver,9,9,1,No
P,B,1,2272.82,Silver,4,4,1,No
H,A,1,564.94,Silver,2,19,9.5,No
J,A,1,330.43,Silver,1,9,9,Yes
Q,D,1,4308.85,Silver,2,21,10.25,No
C,E,1,4580.42,Silver,5,19,3.75,No
A,K,2,3075.37,Silver,4,7,1.75,No
C,F,2,1864.98,Silver,5,11,2.25,No
F,A,2,6345.36,Silver,7,4,0.5,No
U,U,2,16720.35,Silver,6,6,1,Yes
D,I,2,1857.38,Silver,8,12,1.5,No
B,H,2,1537.55,Silver,2,4,1.75,Yes
C,I,2,1028.26,Silver,7,49,7,No
B,F,2,1937.23,Silver,10,38,3.75,No
B,L,2,2611.75,Silver,10,50,5,No
H,F,3,2195,Silver,3,8,2.5,No
B,J,3,11946.63,Silver,3,5,1.5,Yes
U,U,3,1602.68,Silver,1,1,1,Yes
E,F,3,358.14,Silver,2,2,1,No
C,F,3,336.19,Silver,1,2,2,No
J,E,3,1345.12,Silver,4,44,11,No
B,I,3,6024.94,Silver,2,10,4.75,Yes
E,E,3,311.82,Silver,1,7,6.5,No
K,F,3,410.45,Silver,10,13,1.25,No
O,D,3,5933.21,Silver,2,6,2.75,Yes
Q,A,3,243.58,Silver,4,5,1.25,No
E,E,3,1557.61,Silver,2,15,7.5,No
B,F,3,1339.98,Silver,1,4,4.25,No
A,K,3,2512.85,Silver,6,15,2.5,No
K,D,3,13846.69,Silver,1,1,0.75,Yes
H,E,3,489.61,Silver,1,1,1.25,No
L,D,3,1733.24,Silver,8,66,8.25,No
I,E,3,2165.12,Silver,4,36,9,No
J,C,3,990.18,Silver,8,82,10.25,No
L,F,3,2982.27,Silver,6,35,5.75,No
J,E,3,1498.53,Silver,1,6,5.75,No
O,D,3,6890.15,Silver,1,1,0.5,Yes
U,U,4,682.22,Silver,2,2,1,No
K,B,4,1840.23,Silver,0,0,2,Yes
H,G,4,1873.85,Silver,1,2,2.25,Yes
U,U,4,4595.18,Silver,3,3,1,No
O,A,4,11429.9,Silver,1,1,0.5,Yes
Q,F,4,2984.06,Silver,7,63,9,No
Q,A,4,464.47,Silver,2,3,1.5,No
C,G,4,2861.88,Silver,1,3,3.25,Yes
B,J,4,5381,Silver,7,51,7.25,No
D,G,4,2849.29,Silver,1,4,4,No
D,E,4,779.38,Silver,1,2,1.75,No
K,D,4,6809.19,Silver,8,20,2.5,No
C,I,4,1126.61,Silver,2,4,1.75,No
B,H,4,4349.42,Silver,2,8,3.75,No
C,F,4,3628.8,Silver,1,6,5.75,Yes
B,F,4,5115.58,Silver,2,14,7,Yes
C,I,4,1755.53,Silver,4,8,2,No
Q,B,4,360.37,Silver,2,7,3.25,No
O,F,4,36913.73,Silver,6,6,1,Yes
J,G,4,1728.38,Silver,2,9,4.25,No
C,F,4,561.48,Silver,1,5,4.75,No
H,A,4,2791.33,Silver,1,2,1.75,No
D,E,4,10110.72,Silver,2,4,1.75,Yes
C,E,4,1164.06,Silver,2,1,0.25,No
H,E,4,927.8,Silver,2,5,2.25,No
B,H,4,1397.87,Silver,5,10,2,No
B,J,4,1056.63,Silver,2,3,1.25,No
B,G,4,6485.69,Silver,10,25,2.5,No
A,K,4,9780.88,Silver,2,7,3.25,Yes
E,C,4,8828.02,Silver,9,11,1.25,No
O,D,5,1068.29,Silver,2,1,0.5,No
J,G,5,4861.66,Silver,9,47,5.25,No
F,E,5,851.91,Silver,2,4,2,No
O,D,5,3273.55,Silver,2,1,0.5,No
F,F,5,1746.58,Silver,4,5,1.25,No
R,C,5,392.5,Silver,0,0,0.5,Yes
L,E,5,11944.54,Silver,4,14,3.5,Yes
J,C,5,700.82,Silver,1,8,7.75,No
U,U,5,304.2,Silver,2,2,1,No
B,C,5,7664.45,Silver,7,32,4.5,No
E,F,5,5424.64,Silver,4,18,4.5,No
H,F,5,3257.21,Silver,6,21,3.5,No
U,U,5,4634.04,Silver,4,4,1,No
O,B,5,2066.61,Silver,2,6,2.75,No
O,F,5,9764.24,Silver,4,2,0.5,Yes
P,A,5,5145.7,Silver,4,11,2.75,No
B,F,5,7821.5,Silver,4,19,4.75,No
M,F,5,291.94,Silver,1,6,6.25,No
C,C,5,799.54,Silver,6,29,4.75,No
C,E,5,1088.69,Silver,9,50,5.5,No
E,D,5,5615.08,Silver,1,9,8.75,Yes
U,U,5,1693.6,Silver,2,2,1,No
A,K,5,1491.86,Silver,6,8,1.25,No
S,B,5,1480.59,Silver,1,2,1.75,No
K,D,5,590.14,Silver,2,6,3,No
U,U,5,4290.74,Silver,5,5,1,No
Q,D,5,5684.46,Silver,3,4,1.25,Yes
H,E,5,1030.66,Silver,5,14,2.75,No
U,U,5,2195.95,Silver,6,6,1,No
R,D,5,2306.03,Silver,5,5,1,No
P,E,5,3058.16,Silver,1,3,2.75,No
R,A,6,519.85,Silver,2,1,0.5,No
L,E,6,3098.64,Silver,2,9,4.5,No
Q,B,6,13988.46,Silver,4,32,8,Yes
U,U,6,14308.86,Silver,8,8,1,No
E,E,6,9583.52,Silver,10,13,1.25,No
Q,B,6,3798.51,Silver,2,3,1.25,Yes
P,B,6,3164.38,Silver,2,1,0.25,No
J,B,6,9099.23,Silver,1,9,9,No
H,G,6,2094.58,Silver,8,12,1.5,No
B,E,6,2827.22,Silver,1,1,0.5,Yes
I,F,6,551.97,Silver,2,11,5.5,No
Q,D,6,4683.51,Silver,8,68,8.5,No
L,D,6,884.41,Silver,2,13,6.5,No
G,I,6,1845.84,Silver,1,3,2.75,No
P,D,6,524.48,Silver,2,7,3.5,No
L,H,6,3301.01,Silver,4,18,4.5,No
Q,A,6,3055.84,Silver,10,13,1.25,No
F,G,6,266.22,Silver,2,1,0.5,No
Q,K,6,3476.11,Silver,2,1,0.5,No
K,E,6,3742.48,Silver,4,3,0.75,No
L,E,6,398.42,Silver,1,6,6.25,Yes
B,G,6,10328.68,Silver,2,4,1.75,Yes
A,G,6,3266.13,Silver,9,5,0.5,No
C,E,6,6209.39,Silver,5,9,1.75,No
L,E,6,466.35,Silver,2,13,6.25,No
J,F,6,2417.08,Silver,2,9,4.25,No
P,C,7,1163.26,Silver,8,6,0.75,No
E,G,7,923.84,Silver,6,32,5.25,No
P,B,7,3997.18,Silver,10,35,3.5,No
O,D,7,4500.82,Silver,6,3,0.5,No
G,G,7,2188.89,Silver,1,1,1,Yes
C,I,7,3043.18,Silver,2,12,6,No
L,I,7,1945.6,Silver,2,10,5,No
I,F,7,1750.2,Silver,9,16,1.75,No
R,D,7,4605.81,Silver,2,4,1.75,Yes
P,E,7,315.07,Silver,9,59,6.5,No
L,A,7,1820.34,Silver,1,5,4.5,No
U,U,7,2058.48,Silver,7,7,1,No
E,B,7,1699.29,Silver,1,2,1.5,No
U,U,7,2763.06,Silver,1,1,1,Yes
F,G,7,3591.42,Silver,9,16,1.75,No
Q,A,7,4527.96,Silver,1,0,0.25,Yes
O,C,7,1936.86,Silver,4,1,0.25,No
I,E,7,3065.94,Silver,8,24,3,No
C,J,7,1332.81,Silver,9,59,6.5,No
C,F,7,1608.97,Silver,5,11,2.25,No
B,F,7,2591.07,Silver,2,20,10,No
A,J,7,799.08,Silver,8,10,1.25,No
K,A,7,3297.81,Silver,4,1,0.25,No
Q,D,7,10110.46,Silver,2,20,10,Yes
I,E,7,1565.47,Silver,5,5,1,No
H,A,7,738.21,Silver,1,5,5.25,No
E,A,7,17624.3,Silver,3,11,3.75,Yes
F,H,7,1237.7,Silver,10,5,0.5,No
L,A,7,3118.78,Silver,0,0,1,Yes
K,H,7,1044.11,Silver,3,8,2.5,No
G,H,7,6111.3,Silver,1,1,1.25,Yes
G,B,7,7808.3,Silver,2,3,1.5,Yes
B,F,7,525.89,Silver,8,30,3.75,No
C,G,8,410.67,Silver,9,43,4.75,No
L,E,8,11671.73,Silver,3,26,8.75,Yes
F,C,8,2526.86,Silver,1,1,1.25,Yes
C,G,8,2737.36,Silver,6,32,5.25,No
G,C,8,908.06,Silver,13,13,1,No
B,H,8,811.63,Silver,2,7,3.25,No
U,U,8,1032.29,Silver,1,1,1,No
C,K,8,3485.7,Silver,3,15,5,No
U,U,8,2526.98,Silver,5,5,1,No
J,F,8,2724.35,Silver,4,31,7.75,No
I,D,8,1401.14,Silver,6,21,3.5,No
B,E,8,1858.3,Silver,7,35,5,No
E,G,8,1249.14,Silver,1,3,3.25,No
P,G,8,1289.64,Silver,10,48,4.75,No
J,I,8,502.98,Silver,8,38,4.75,No
A,F,9,652.62,Silver,2,12,6,No
O,B,9,1889.05,Silver,4,2,0.5,No
S,B,9,1413.33,Silver,8,10,1.25,No
A,G,9,3508.87,Silver,2,8,3.75,Yes
J,D,9,2774.46,Silver,5,21,4.25,No
I,E,9,1476.3,Silver,1,2,2.25,No
B,G,9,1473.46,Silver,1,2,2,Yes
O,F,9,2078.13,Silver,3,2,0.5,No
S,A,9,778.67,Silver,8,4,0.5,No
C,F,9,6906.99,Silver,2,8,4,Yes
C,F,9,2456.17,Silver,5,33,6.5,No
L,E,9,3902.37,Silver,9,43,4.75,No
F,E,9,1879.47,Silver,0,0,1.75,No
H,G,9,2291.18,Silver,2,8,3.75,Yes
H,B,9,889.5,Silver,3,12,4,No
K,F,9,1930.18,Silver,6,11,1.75,No
Q,G,9,619.42,Silver,2,2,1,No
Q,B,9,4718.54,Silver,7,63,9,No
M,C,10,4819.34,Silver,3,2,0.75,No
E,D,10,4349.17,Silver,8,4,0.5,No
I,H,10,2452.14,Silver,7,2,0.25,No
G,A,10,858.63,Silver,1,1,0.75,Yes
C,J,10,2037.58,Silver,3,18,6,No
Q,B,10,464.93,Silver,2,2,1,No
A,K,10,2487.83,Silver,3,6,2,No
E,H,10,3024.48,Silver,4,11,2.75,No
A,L,10,4174.46,Silver,2,10,4.75,Yes
P,D,10,694.07,Silver,9,9,1,No
E,E,10,938.13,Silver,1,1,1.25,Yes
E,I,10,3719.54,Silver,2,2,1,No
E,C,10,2215.65,Silver,1,3,2.75,Yes
K,E,10,692.88,Silver,0,0,1,Yes
M,D,10,6436.3,Silver,8,44,5.5,No
Q,B,10,4375.93,Silver,1,1,0.75,Yes
U,U,10,1397.11,Silver,5,5,1,No
J,E,10,277.73,Silver,7,51,7.25,No
U,U,10,661.85,Silver,5,5,1,No
H,C,10,5732.46,Silver,9,18,2,No
J,A,10,265.34,Silver,1,11,11,No
C,I,10,1299.03,Silver,8,56,7,No
E,G,10,2300.81,Silver,4,3,0.75,No
M,B,10,2705,Silver,7,35,5,No
U,U,10,7454.9,Silver,5,5,1,No
J,G,10,10395.92,Silver,2,15,7.5,Yes
B,H,10,980.69,Silver,9,36,4,No
P,E,10,3008.11,Silver,2,4,1.75,No
U,U,10,3124.74,Silver,2,2,1,No
A,L,10,3845.21,Silver,4,31,7.75,No
S,A,1,1779.46,Silver,4,5,1.25,No
O,G,1,6364.7,Silver,8,2,0.25,No
F,F,1,2770.16,Silver,5,5,1,No
B,I,1,101.01,Silver,11,39,3.5,No
B,J,1,1108.18,Silver,9,52,5.75,No
L,F,1,2605.09,Silver,8,16,2,No
Q,B,1,209.51,Silver,8,12,1.5,No
F,F,1,13400.34,Silver,10,8,0.75,No
C,F,1,439.34,Silver,9,16,1.75,No
H,E,1,1945.7,Silver,3,5,1.5,No
B,I,1,1161.25,Silver,4,12,3,No
U,U,1,5315.04,Silver,3,3,1,No
J,F,1,3892.41,Silver,3,3,1,No
J,F,1,2960.99,Silver,4,25,6.25,No
C,G,1,204.04,Silver,5,13,2.5,No
P,B,1,696.78,Silver,2,2,0.75,No
C,A,1,1600.47,Silver,1,5,4.5,Yes
Q,B,1,8132.14,Silver,8,8,1,No
B,E,1,666.83,Silver,10,25,2.5,No
D,G,1,3797.35,Silver,8,8,1,No
I,G,1,224.54,Silver,1,7,7.25,No
I,E,1,697.58,Silver,2,5,2.25,No
O,E,1,1782.86,Silver,4,1,0.25,No
L,F,1,2982.85,Silver,4,7,1.75,No
C,F,1,368.19,Silver,4,3,0.75,No
E,D,1,868.96,Silver,9,5,0.5,No
P,A,1,4034.02,Silver,3,4,1.25,No
I,D,1,826.08,Silver,1,5,5.25,No
I,I,1,1491.53,Silver,1,3,3.25,No
Q,F,1,13315.74,Silver,4,8,2,Yes
K,C,1,4340.7,Silver,2,3,1.25,Yes
L,D,1,793.06,Silver,5,35,7,No
F,F,1,207.1,Silver,2,5,2.5,No
Q,C,1,1134.01,Silver,4,2,0.5,No
O,D,1,2462.08,Silver,5,16,3.25,No
Q,E,1,3319.98,Silver,10,5,0.5,No
S,D,1,1315.06,Silver,9,25,2.75,No
A,K,2,3176.09,Silver,4,21,5.25,No
U,U,2,1077.69,Silver,1,1,1,Yes
B,H,2,693.55,Silver,4,4,1,No
B,F,2,2837.15,Silver,3,7,2.25,No
K,C,2,6482.73,Silver,9,27,3,No
B,K,2,3616.77,Silver,2,4,1.75,Yes
B,J,2,1709.5,Silver,1,1,1,Yes
B,H,2,9508.17,Silver,10,10,1,No
E,H,2,9130.62,Silver,10,48,4.75,No
C,G,2,6175.02,Silver,6,33,5.5,No
B,A,2,1591.94,Silver,1,2,2.25,Yes
B,H,2,396.15,Silver,3,13,4.25,No
Q,C,3,1622.64,Silver,8,72,9,No
J,E,3,2304.74,Silver,2,18,8.75,No
H,E,3,1729.91,Silver,4,8,2,No
G,D,3,1238.87,Silver,1,1,1,Yes
C,H,3,2689.04,Silver,4,18,4.5,No
J,G,3,2398.73,Silver,1,10,9.75,Yes
U,U,3,454.5,Silver,3,3,1,No
O,E,3,1924.15,Silver,10,10,1,No
B,G,3,10878.63,Silver,3,4,1.25,Yes
H,E,3,850.48,Silver,8,12,1.5,No
J,E,3,1044.45,Silver,2,4,1.75,No
D,G,3,184.7,Silver,5,9,1.75,No
R,B,3,232.05,Silver,4,4,1,No
H,F,3,1993.06,Silver,8,58,7.25,No
O,A,3,1080.7,Silver,0,0,2.75,Yes
P,D,3,2257.46,Silver,8,4,0.5,No
G,C,3,133.15,Silver,11,47,4.25,No
A,K,3,741.31,Silver,10,28,2.75,No
C,J,3,1089.4,Silver,5,19,3.75,No
K,G,3,262.19,Silver,5,8,1.5,No
C,F,3,3049.02,Silver,1,4,3.75,No
C,F,4,746.66,Silver,1,2,2,No
G,K,4,1659.76,Silver,2,3,1.5,No
D,F,4,4432.78,Silver,2,12,5.75,Yes
C,F,4,1042.35,Silver,2,2,1,No
D,F,4,222.18,Silver,1,1,1.25,No
D,F,4,392.26,Silver,3,11,3.5,No
H,A,4,2176.98,Silver,2,2,1,No
H,G,4,2853.94,Silver,1,3,3.25,Yes
O,A,4,1919.33,Silver,1,2,1.75,No
H,E,4,471.77,Silver,6,14,2.25,No
C,K,4,1642.54,Silver,1,6,6,No
B,H,4,1797.13,Silver,4,3,0.75,No
F,F,4,114.66,Silver,9,2,0.25,No
H,G,4,1789.02,Silver,2,9,4.25,No
H,E,4,389.86,Silver,1,2,1.5,No
H,F,4,4627.38,Silver,8,18,2.25,No
A,L,4,864.44,Silver,8,18,2.25,No
H,E,4,2062.75,Silver,2,4,2,No
H,E,4,1467.84,Silver,2,10,5,No
B,H,4,1962.7,Silver,10,30,3,No
O,E,4,2280.8,Silver,1,0,0.25,No
D,E,4,2915.99,Silver,3,2,0.75,No
K,A,4,913.74,Silver,5,5,1,No
B,F,4,1620.82,Silver,2,8,4,No
D,E,4,709.97,Silver,10,48,4.75,No
B,J,4,10111.4,Silver,1,3,3,Yes
J,G,4,249.14,Silver,4,43,10.75,No
D,F,4,2318.23,Silver,2,4,1.75,No
O,E,4,2343.05,Silver,2,2,1,No
F,G,4,4241.86,Silver,2,7,3.25,No
H,H,4,1808.59,Silver,1,5,5,No
C,A,4,649.39,Silver,2,7,3.25,No
L,F,4,1365.69,Silver,5,24,4.75,No
A,L,4,816.22,Silver,2,10,5,No
H,F,4,3275.54,Silver,3,8,2.5,No
Q,E,4,969.74,Silver,7,7,1,No
C,F,4,799.88,Silver,2,5,2.25,No
A,L,5,685.97,Silver,6,6,1,No
G,F,5,126.66,Silver,5,1,0.25,No
M,E,5,681.83,Silver,4,5,1.25,No
C,E,5,2145.38,Silver,2,17,8.5,No
U,U,5,384.68,Silver,4,4,1,No
S,A,5,408.84,Silver,3,8,2.75,No
C,F,5,1967.98,Silver,7,58,8.25,No
O,E,5,2789.45,Silver,5,10,2,No
G,D,5,1227.61,Silver,8,22,2.75,No
C,F,5,1432.45,Silver,2,11,5.5,No
Q,C,5,520.45,Silver,5,24,4.75,No
H,F,5,180.01,Silver,3,5,1.75,No
J,E,5,4550.87,Silver,12,96,8,No
B,J,5,6609.59,Silver,7,11,1.5,No
D,G,5,655.97,Silver,6,6,1,No
O,B,5,373.18,Silver,2,1,0.25,No
A,G,5,347.46,Silver,10,3,0.25,No
D,E,5,2141.57,Silver,1,5,4.75,No
U,U,5,1743.42,Silver,2,2,1,No
D,F,5,1038.59,Silver,1,3,3.25,Yes
C,F,5,614.7,Silver,2,7,3.25,No
I,E,5,5104.54,Silver,1,1,1,Yes
O,E,5,1589.56,Silver,2,3,1.5,No
Q,A,5,1476.38,Silver,5,23,4.5,No
O,E,5,11320.96,Silver,3,2,0.5,Yes
P,E,5,396.64,Silver,1,5,5,No
O,D,5,876.58,Silver,4,4,1,No
D,G,5,1183.62,Silver,4,18,4.5,No
P,A,5,2357.1,Silver,2,2,1,No
C,G,5,1464.94,Silver,7,67,9.5,No
K,A,5,3156.2,Silver,2,3,1.5,No
J,E,5,1943.86,Silver,2,18,9,No
A,I,5,1839.56,Silver,4,7,1.75,No
E,I,6,1965.26,Silver,10,80,8,No
J,G,6,1660.35,Silver,7,49,7,No
D,H,6,2740.46,Silver,6,11,1.75,No
E,B,6,1135.31,Silver,2,16,7.75,No
J,F,6,5417.9,Silver,3,23,7.5,No
L,E,6,972.87,Silver,1,9,9,Yes
Q,B,6,695.86,Silver,1,8,7.5,No
O,A,6,1160.94,Silver,4,10,2.5,No
L,E,6,1951.04,Silver,9,83,9.25,No
Q,D,6,2450.51,Silver,2,17,8.5,No
K,D,6,1362.85,Silver,2,1,0.5,No
F,F,6,3299.59,Silver,10,33,3.25,No
C,F,6,720.43,Silver,5,18,3.5,No
I,E,6,4132.86,Silver,5,8,1.5,No
K,D,6,1822.38,Silver,2,2,1,No
L,C,6,911.04,Silver,4,20,5,No
G,E,6,3038.08,Silver,0,0,1.25,Yes
O,D,6,915.38,Silver,1,1,0.75,No
O,A,6,1808.57,Silver,5,3,0.5,No
E,F,6,1732.3,Silver,5,25,5,No
Q,B,6,1721.37,Silver,0,0,8.5,Yes
E,F,6,5636.36,Silver,3,17,5.75,Yes
B,F,6,769.03,Silver,5,9,1.75,No
O,D,6,1238.96,Silver,1,1,1,No
H,E,6,2191.73,Silver,7,46,6.5,No
H,D,6,4109.02,Silver,0,0,1.25,No
O,A,6,2920,Silver,4,2,0.5,No
J,E,6,6024.19,Silver,3,20,6.5,No
K,D,6,379.55,Silver,3,3,1,No
S,A,6,623.65,Silver,11,138,12.5,No
H,G,7,2743.14,Silver,1,5,4.5,Yes
N,A,7,1776.59,Silver,2,8,4,No
O,F,7,3417.83,Silver,6,3,0.5,No
B,F,7,672.8,Silver,9,47,5.25,No
U,U,7,2706.3,Silver,1,1,1,Yes
P,E,7,756.9,Silver,8,26,3.25,No
G,H,7,1981.38,Silver,3,2,0.5,No
K,D,7,2907.3,Silver,9,11,1.25,No
O,B,7,821.54,Silver,7,2,0.25,No
B,F,7,326.5,Silver,9,97,10.75,No
E,G,7,2487.02,Silver,9,25,2.75,No
A,G,7,1635.51,Silver,4,4,1,No
D,F,7,2407.58,Silver,6,18,3,No
U,U,7,1850.77,Silver,0,0,1,Yes
K,E,7,805.64,Silver,9,27,3,No
L,E,7,4440.07,Silver,1,5,4.5,Yes
P,C,7,3483.43,Silver,3,2,0.75,No
E,G,7,1155.94,Silver,7,67,9.5,No
E,E,7,1921.7,Silver,6,27,4.5,No
O,A,7,467.41,Silver,1,1,1.25,No
B,I,7,3895.2,Silver,1,1,1,Yes
K,E,7,4459.18,Silver,1,1,1,Yes
C,F,7,468.86,Silver,9,27,3,No
F,E,8,758.94,Silver,5,5,1,No
U,U,8,1378.67,Silver,1,1,1,Yes
B,I,8,1876.47,Silver,2,4,2,No
D,G,8,921.54,Silver,1,2,1.75,No
O,C,8,4183.18,Silver,7,2,0.25,No
O,E,8,284.93,Silver,6,2,0.25,No
K,E,8,5286.63,Silver,8,2,0.25,No
L,D,8,1424.69,Silver,6,30,5,No
Q,B,8,1269.1,Silver,3,2,0.75,No
K,K,8,748.88,Silver,2,1,0.25,No
A,K,8,496.84,Silver,8,36,4.5,No
B,F,8,2017.66,Silver,4,7,1.75,No
E,F,8,453.94,Silver,8,44,5.5,No
J,D,8,8196.11,Silver,3,19,6.25,Yes
H,F,8,408.27,Silver,1,1,1,No
B,I,8,2271.98,Silver,1,5,4.75,No
O,H,8,786.17,Silver,4,6,1.5,No
I,E,8,5200.1,Silver,7,12,1.75,No
D,E,8,248.22,Silver,8,14,1.75,No
Q,E,8,2364.26,Silver,1,3,2.75,Yes
J,F,8,1982.39,Silver,4,34,8.5,No
I,E,9,10419.22,Silver,1,9,9,Yes
E,I,9,1440.76,Silver,5,5,1,No
C,G,9,6063.2,Silver,1,3,2.5,Yes
E,G,9,1594.57,Silver,5,25,5,No
J,F,9,6117.44,Silver,6,32,5.25,No
D,D,9,3855.97,Silver,2,5,2.25,No
U,U,9,5093.96,Silver,3,3,1,No
C,G,9,3867.62,Silver,0,0,5.25,Yes
D,G,9,3566.12,Silver,3,7,2.25,No
F,F,9,1414.98,Silver,0,0,1.75,Yes
C,F,9,927.67,Silver,1,2,1.75,No
F,E,10,709.33,Gold,6,8,1.25,No
B,E,10,2910.14,Gold,2,6,3,No
G,B,10,601.5,Gold,1,0,0.25,Yes
B,K,10,8953.45,Gold,1,2,2.25,Yes
H,D,10,146.98,Gold,7,46,6.5,No
Q,A,10,1019.56,Gold,6,56,9.25,No
B,F,10,762.24,Gold,1,2,1.75,No
G,F,10,1087.36,Gold,3,3,1,No
O,B,10,173.29,Gold,3,3,1,No
O,E,10,701.26,Gold,7,25,3.5,No
U,U,10,980.32,Gold,9,9,1,No
A,L,10,816.72,Gold,6,14,2.25,No
U,U,10,1719.7,Gold,7,7,1,No
I,A,10,1481.62,Gold,10,33,3.25,No
E,E,10,3724.98,Gold,1,1,1.25,Yes
J,A,10,2173.67,Gold,3,27,9,No
D,B,10,850.89,Gold,4,18,4.5,No
I,E,10,411.02,Gold,6,12,2,No
G,G,10,2357.61,Gold,4,2,0.5,No
L,B,10,363.22,Gold,3,32,10.75,No
D,A,10,327.74,Gold,4,6,1.5,No
J,F,10,3163.93,Gold,6,9,1.5,No
B,F,10,2282.69,Gold,3,7,2.25,No
E,F,10,804.96,Gold,8,52,6.5,No
G,D,10,837.63,Gold,3,1,0.25,No
Q,D,10,5070.63,Gold,2,6,2.75,Yes
E,E,10,612.5,Gold,1,1,1.25,Yes
B,I,10,1089.5,Gold,2,6,2.75,No
U,U,10,382.96,Gold,7,7,1,No
E,A,10,470.06,Gold,3,16,5.25,No
E,E,10,113.45,Gold,1,1,1.25,No
P,H,10,544.54,Gold,5,4,0.75,No
G,E,10,3512.37,Gold,1,1,1.25,Yes
E,E,10,2485,Gold,1,1,1.25,Yes
F,E,10,5234.32,Gold,5,3,0.5,No
P,G,1,428.02,Gold,5,8,1.5,No
G,F,1,794.58,Gold,5,1,0.25,No
A,L,1,438.29,Gold,2,2,1,No
I,E,1,1789.1,Gold,3,14,4.5,No
A,K,1,2117.18,Gold,2,5,2.25,No
I,C,1,2095,Gold,4,11,2.75,No
G,E,1,112.54,Gold,1,3,3,No
A,G,1,377.11,Gold,3,7,2.25,No
I,D,1,186.48,Gold,3,15,5,No
Q,A,1,488.93,Gold,7,2,0.25,No
I,C,1,779.96,Gold,2,3,1.25,No
J,B,1,2415.2,Gold,2,11,5.25,No
A,J,1,4050.02,Gold,8,22,2.75,No
H,G,1,14293.34,Gold,1,4,4,Yes
B,J,1,2769.29,Gold,8,22,2.75,No
U,U,1,869.09,Gold,2,2,1,No
Q,B,1,3848.71,Gold,4,18,4.5,No
C,I,1,1509.54,Gold,5,26,5.25,No
B,I,1,1286.06,Gold,1,6,6.25,Yes
B,E,1,2469.11,Gold,10,13,1.25,No
D,E,1,1140.76,Gold,1,5,5.25,No
M,C,1,5678.43,Gold,4,11,2.75,No
A,J,1,22739.57,Gold,9,11,1.25,Yes
I,G,1,372.47,Gold,2,8,3.75,No
B,D,1,1901,Gold,4,6,1.5,No
K,B,1,378.05,Gold,4,2,0.5,No
P,E,1,483.6,Gold,3,11,3.5,No
F,L,1,3967.24,Gold,1,0,0.25,Yes
C,C,2,1261.3,Gold,2,4,2,No
C,J,2,2927.69,Gold,2,4,2,Yes
C,E,2,1573.93,Gold,5,34,6.75,No
B,G,2,626.42,Gold,11,3,0.25,No
H,F,2,4051.76,Gold,5,10,2,No
C,G,2,3092.54,Gold,11,33,3,No
B,J,2,1149.64,Gold,1,2,2.25,No
C,F,2,200.4,Gold,1,3,2.75,No
B,F,2,244.98,Gold,2,3,1.25,No
H,I,2,807.7,Gold,9,43,4.75,No
I,F,2,222.15,Gold,9,16,1.75,No
B,I,2,4274.25,Gold,2,3,1.25,Yes
B,H,2,458.83,Gold,5,24,4.75,No
C,B,2,445.44,Gold,6,20,3.25,No
K,G,3,976.47,Gold,4,3,0.75,No
U,U,3,1081.39,Gold,1,1,1,No
K,C,3,1545.1,Gold,9,2,0.25,No
F,E,3,581.55,Gold,10,10,1,No
U,U,3,877.3,Gold,1,1,1,No
G,E,3,7870.02,Gold,9,2,0.25,No
U,U,3,6075.67,Gold,5,5,1,No
C,H,3,2334.01,Gold,2,13,6.25,No
G,G,3,652.24,Gold,2,5,2.5,No
B,F,3,3064.43,Gold,1,2,1.75,Yes
U,U,3,699.85,Gold,1,1,1,No
O,F,3,4724.57,Gold,6,8,1.25,No
H,E,3,6612.18,Gold,3,3,1,No
Q,B,3,1396.04,Gold,3,38,12.75,No
B,F,3,482.58,Gold,1,2,2.25,No
Q,B,3,2585.86,Gold,2,10,4.75,No
J,E,3,485.26,Gold,2,4,2,No
F,E,3,508.3,Gold,10,10,1,No
P,A,3,149.68,Gold,8,18,2.25,No
C,I,3,583.56,Gold,3,14,4.75,No
C,G,3,183.3,Gold,10,53,5.25,No
C,I,3,2650.21,Gold,3,20,6.75,No
D,G,3,1106.21,Gold,3,5,1.75,No
U,U,3,833.63,Gold,10,10,1,No
O,B,3,1301.22,Gold,0,0,0.5,Yes
H,G,3,3178.81,Gold,9,43,4.75,No
F,F,3,2776.64,Gold,2,2,1,No
C,F,3,2637.64,Gold,2,17,8.5,No
E,E,3,1351.55,Gold,2,12,5.75,No
B,I,3,1059.75,Gold,1,3,2.75,No
C,K,3,328.62,Gold,4,12,3,No
O,F,3,856.98,Gold,8,8,1,No
P,G,3,814.4,Gold,7,11,1.5,No
B,K,4,1698.74,Gold,2,6,2.75,No
C,I,4,532.98,Gold,1,5,5.25,No
I,E,4,3877.58,Gold,2,6,3,No
I,E,4,378.4,Gold,4,4,1,No
U,U,4,1578.01,Gold,4,4,1,No
I,C,4,1641.69,Gold,5,24,4.75,No
G,I,4,801.66,Gold,9,23,2.5,No
J,E,4,2564.57,Gold,3,17,5.75,No
B,H,4,618.96,Gold,2,13,6.25,No
F,C,4,123.71,Gold,2,2,0.75,No
F,F,4,1426.33,Gold,0,0,0.25,Yes
O,D,4,2891.88,Gold,2,7,3.25,No
P,F,4,688.67,Gold,8,12,1.5,No
J,G,4,372.96,Gold,2,11,5.5,No
O,F,4,1412.27,Gold,7,18,2.5,No
B,G,4,2458.82,Gold,2,17,8.25,No
A,K,4,2366.91,Gold,11,3,0.25,No
D,H,4,927.64,Gold,5,10,2,No
C,G,4,234.37,Gold,5,48,9.5,No
C,F,4,2265.39,Gold,2,10,5,No
K,E,4,2858.38,Gold,5,5,1,No
U,U,4,3921.71,Gold,2,2,1,No
B,F,4,3275.99,Gold,7,21,3,No
B,G,4,133.58,Gold,2,5,2.5,No
F,F,4,3466.82,Gold,4,4,1,No
H,D,4,210.54,Gold,1,9,8.75,No
B,G,4,3059.94,Gold,2,9,4.5,No
C,G,4,443.82,Gold,1,5,4.75,No
C,I,4,244.9,Gold,1,6,6,No
U,U,4,1581.54,Gold,2,2,1,No
B,F,5,243.57,Gold,4,23,5.75,No
E,F,5,1491.09,Gold,1,6,6.25,No
O,B,5,6244.46,Gold,2,1,0.5,Yes
O,F,5,1594.94,Gold,3,3,1,No
F,E,5,1149.49,Gold,2,6,2.75,No
O,C,5,2261.22,Gold,2,1,0.25,No
F,D,5,419.74,Gold,6,8,1.25,No
J,D,5,253,Gold,3,17,5.5,No
O,F,5,535.92,Gold,4,1,0.25,No
J,E,5,399.07,Gold,2,13,6.25,No
J,C,5,476.52,Gold,2,18,8.75,No
P,D,5,2058.07,Gold,1,2,1.5,No
D,E,5,6005.74,Gold,2,6,3,Yes
O,B,5,383.75,Gold,1,1,1,No
O,A,5,4643.4,Gold,3,3,1,No
S,F,5,1851.15,Gold,10,13,1.25,No
O,C,5,3719.3,Gold,1,1,1,Yes
E,F,5,1233.67,Gold,1,5,4.75,No
P,G,5,787.93,Gold,2,4,1.75,No
F,G,5,1389.77,Gold,7,4,0.5,No
G,H,5,208.42,Gold,7,11,1.5,No
P,E,5,445.52,Gold,0,0,2,Yes
O,A,5,2995.37,Gold,2,1,0.25,No
K,D,5,943.54,Gold,5,4,0.75,No
D,E,5,2904.68,Gold,4,25,6.25,No
Q,F,5,383.67,Gold,3,2,0.75,No
O,D,5,292.16,Gold,3,8,2.5,No
H,F,5,336.01,Gold,5,24,4.75,No
H,E,5,1202.73,Gold,2,3,1.5,No
C,J,5,209.33,Gold,10,50,5,No
R,A,6,678.46,Gold,2,3,1.5,No
H,D,6,3412.02,Gold,4,1,0.25,No
Q,D,6,7941.12,Gold,1,9,9,Yes
C,I,6,2029.34,Gold,7,21,3,No
Q,B,6,2606.52,Gold,4,4,1,No
L,E,6,1706.4,Gold,4,13,3.25,No
G,L,6,1775.56,Gold,7,9,1.25,No
O,D,6,11258.62,Gold,4,4,1,Yes
P,C,6,269.98,Gold,2,2,1,No
R,B,6,1171.42,Gold,3,1,0.25,No
H,E,6,2437,Gold,1,6,5.5,Yes
C,A,6,847.52,Gold,3,8,2.75,No
I,D,6,4855.63,Gold,2,14,6.75,Yes
L,D,6,2795.15,Gold,2,4,1.75,No
Q,A,6,152.95,Gold,2,9,4.25,No
J,G,6,827.46,Gold,1,3,2.75,Yes
U,U,6,1113.24,Gold,9,9,1,No
J,G,6,185.46,Gold,2,20,9.75,No
P,D,6,372.69,Gold,4,13,3.25,No
Q,C,6,1325.89,Gold,1,4,3.75,Yes
E,D,6,339.09,Gold,6,5,0.75,No
I,K,6,1158,Gold,6,32,5.25,No
C,F,6,1985.8,Gold,10,25,2.5,No
O,B,6,2072.94,Gold,5,1,0.25,No
N,I,6,1050.18,Gold,8,42,5.25,No
H,G,6,344.42,Gold,8,4,0.5,No
C,J,6,364.69,Gold,9,50,5.5,No
P,D,6,9671.49,Gold,2,2,1,Yes
O,A,6,1176.39,Gold,2,1,0.5,No
I,E,6,3349.74,Gold,1,2,1.5,Yes
O,D,6,204.74,Gold,9,5,0.5,No
U,U,6,118.46,Gold,5,5,1,No
K,A,6,360.95,Gold,3,4,1.25,No
S,A,7,576.62,Gold,10,15,1.5,No
G,E,7,1734.91,Gold,1,1,1,No
U,U,7,675.3,Gold,1,1,1,No
K,B,7,888.45,Gold,2,3,1.25,No
S,A,7,129.92,Gold,9,34,3.75,No
I,F,7,492.48,Gold,7,26,3.75,No
L,F,7,5368.39,Gold,7,32,4.5,No
H,D,7,1404.45,Gold,3,1,0.25,No
O,E,7,1407.08,Gold,10,5,0.5,No
O,D,7,6132.22,Gold,2,2,1,Yes
U,U,7,227.34,Gold,2,2,1,No
U,U,7,2679.11,Gold,10,10,1,No
O,A,7,2148.58,Gold,9,5,0.5,No
Q,G,7,819.18,Gold,0,0,4.75,No
S,D,7,426.1,Gold,10,35,3.5,No
U,U,7,1175.48,Gold,5,5,1,No
J,D,7,511.5,Gold,1,9,9.25,Yes
S,D,7,222.26,Gold,5,15,3,No
C,J,7,7731.63,Gold,6,53,8.75,Yes
O,D,7,741.59,Gold,9,7,0.75,No
G,E,8,284.26,Gold,9,27,3,No
P,C,8,413.48,Gold,6,3,0.5,No
O,E,8,919.36,Gold,5,4,0.75,No
I,E,8,4057.2,Gold,4,29,7.25,No
O,C,8,123.24,Gold,10,5,0.5,No
L,F,8,1798.64,Gold,5,20,4,No
B,H,8,10223.62,Gold,1,5,4.75,Yes
A,H,8,517.44,Gold,9,43,4.75,No
B,H,8,2330.54,Gold,2,4,2,No
U,U,8,1724.67,Gold,1,1,1,Yes
E,G,8,200.64,Gold,0,0,1,Yes
K,C,8,435.95,Gold,11,8,0.75,No
C,D,8,279.7,Gold,1,5,5.25,No
K,B,8,285.84,Gold,5,4,0.75,No
B,G,8,1689.1,Gold,1,3,3,No
C,H,8,4071.02,Gold,2,5,2.25,Yes
H,F,8,269.76,Gold,1,1,1,Yes
P,B,8,2462.37,Gold,5,9,1.75,No
C,I,8,896.59,Gold,1,4,3.75,Yes
I,E,8,3869.75,Gold,2,4,2,No
I,F,8,1860.48,Gold,8,14,1.75,No
F,E,8,1323.71,Gold,9,14,1.5,No
J,E,8,1630.58,Gold,4,40,10,No
F,F,8,2537.46,Gold,5,3,0.5,No
F,I,9,363.66,Gold,7,4,0.5,No
C,E,9,355.52,Gold,1,10,10.25,No
J,E,9,4253.34,Gold,5,3,0.5,No
I,F,9,331.28,Gold,5,26,5.25,No
H,E,9,4772.76,Gold,7,42,6,No
B,G,9,392.8,Gold,3,9,3,No
B,G,9,125.65,Gold,2,10,5,No
G,F,9,3339.7,Gold,4,9,2.25,No
J,A,9,3141.66,Gold,10,53,5.25,No
A,F,9,406.4,Gold,3,8,2.5,No
H,G,9,290.98,Gold,6,66,11,No
O,F,9,313.29,Gold,7,7,1,No
H,G,9,1163.39,Gold,2,2,1,No
A,J,9,562.13,Gold,2,4,2,No
A,J,9,4953.65,Gold,2,3,1.25,Yes
O,D,9,208.18,Gold,4,2,0.5,No
H,E,9,277.34,Gold,2,3,1.5,No
P,E,9,6900.79,Gold,5,14,2.75,No
O,H,10,4902.72,Gold,9,9,1,No
C,I,10,1768.42,Gold,1,3,3.25,No
O,D,10,3721.15,Gold,1,1,1,Yes
P,D,10,369.55,Gold,6,11,1.75,No
S,C,10,152.01,Gold,1,1,1,Yes
Q,D,10,1250.78,Gold,1,1,1,No
D,F,10,1761.77,Gold,8,24,3,No
U,U,10,4100.24,Gold,4,4,1,No
U,U,10,729.34,Gold,2,2,1,No
A,L,10,431.86,Gold,3,8,2.75,No
O,F,10,547.12,Gold,1,1,0.75,No
E,F,10,600.85,Gold,1,2,1.5,No
D,F,10,2730,Gold,9,16,1.75,No
U,U,10,1775.66,Gold,3,3,1,No
C,G,10,282.98,Gold,1,4,4.25,Yes
I,C,10,124.64,Gold,3,2,0.75,No
B,I,10,1242.82,Gold,6,30,5,No
O,E,10,407.97,Gold,5,5,1,No
G,C,10,935.12,Gold,1,2,2,No
C,A,10,1503.54,Gold,1,9,8.5,Yes
C,B,10,3930.42,Gold,1,3,2.75,Yes
G,C,10,1701.18,Gold,0,0,1,Yes
B,E,10,4839.54,Gold,4,11,2.75,No
D,E,10,398.05,Gold,3,16,5.25,No
K,C,10,201.99,Gold,9,25,2.75,No
D,F,10,5437.06,Gold,10,45,4.5,No
P,A,10,966.4,Gold,2,2,1,No
H,B,10,307,Gold,9,18,2,No
E,E,10,1733.92,Gold,1,2,1.5,Yes
H,G,10,412.8,Gold,2,5,2.25,No
O,A,10,283.07,Gold,2,6,2.75,No
H,E,10,1239.47,Gold,7,5,0.75,No
B,F,10,403.73,Gold,8,12,1.5,No
I,F,10,575.6,Gold,7,19,2.75,No
E,B,10,793.25,Gold,1,4,3.75,No
A,E,10,1976.56,Gold,3,8,2.5,No
A,I,10,3099.38,Gold,4,7,1.75,No
G,A,10,3643.34,Gold,2,5,2.5,No
J,A,10,583.31,Gold,1,5,5.25,No
L,E,10,430.37,Gold,4,11,2.75,No
A,H,10,2053.65,Gold,7,30,4.25,No
F,C,10,813.33,Gold,7,5,0.75,No
E,H,10,2321.66,Gold,3,14,4.5,No
K,E,1,357.05,Gold,9,9,1,No
K,D,1,186.96,Gold,7,7,1,No
U,U,1,656.75,Gold,4,4,1,No
C,G,1,7613.87,Gold,6,33,5.5,No
U,U,1,1873.5,Gold,5,5,1,No
J,E,1,1297.37,Gold,6,5,0.75,No
E,F,1,286.24,Gold,6,11,1.75,No
J,B,1,330.48,Gold,3,27,9,No
J,E,1,623.95,Gold,2,16,7.75,No
C,E,1,684.24,Gold,1,5,5.25,No
A,K,1,1704.71,Gold,3,14,4.75,No
U,U,1,1533.74,Gold,3,3,1,No
P,D,1,201.5,Gold,2,2,1,No
I,F,1,2126.02,Gold,3,14,4.75,No
P,D,1,487.76,Gold,5,13,2.5,No
A,J,1,13501.26,Gold,2,4,1.75,No
P,D,1,463.68,Gold,2,2,1,No
E,F,1,4942.24,Gold,4,5,1.25,No
H,K,1,1227.07,Gold,3,15,5,No
G,F,1,245.49,Gold,10,3,0.25,No
K,G,1,970,Gold,9,27,3,No
O,E,1,103.39,Gold,2,1,0.5,No
U,U,1,1627.53,Gold,5,5,1,No
K,C,1,575.36,Gold,7,9,1.25,No
H,C,1,382.99,Gold,1,1,1,No
C,F,1,3151.12,Gold,7,11,1.5,No
C,I,1,213.36,Gold,5,8,1.5,No
H,E,1,596.16,Gold,2,1,0.25,No
O,B,1,108.99,Gold,1,0,0.25,No
U,U,1,250.08,Gold,4,4,1,No
B,G,1,538.02,Gold,5,8,1.5,No
K,B,1,1123.3,Gold,1,1,0.75,No
B,H,1,4307.98,Gold,3,10,3.25,No
E,F,1,340.08,Gold,5,15,3,No
P,B,1,598.1,Gold,4,22,5.5,No
O,E,1,163.86,Gold,4,1,0.25,No
K,C,2,182.34,Gold,8,24,3,No
F,A,2,176.95,Gold,7,7,1,No
C,G,2,777.38,Gold,5,26,5.25,No
C,I,2,528.85,Gold,11,28,2.5,No
B,F,2,177.1,Gold,4,4,1,No
B,H,2,2421.9,Gold,2,4,2,Yes
U,U,2,198.2,Gold,7,7,1,No
C,K,2,5640.6,Gold,4,16,4,No
A,G,2,176.43,Gold,6,8,1.25,No
G,E,2,1324.04,Gold,4,1,0.25,No
E,F,2,212.43,Gold,7,23,3.25,No
A,F,3,16648.79,Gold,8,4,0.5,Yes
J,C,3,494.26,Gold,4,40,10,No
L,E,3,192.08,Gold,2,11,5.25,No
J,E,3,4726.1,Gold,2,7,3.5,No
H,E,3,339.51,Gold,3,7,2.25,No
K,A,3,169.15,Gold,2,1,0.5,No
E,G,3,599.93,Gold,1,4,4.25,No
B,G,3,110.1,Gold,1,4,3.75,No
Q,A,3,664.88,Gold,4,4,1,No
H,C,3,766.56,Gold,4,1,0.25,No
L,E,3,1305.54,Gold,6,18,3,No
F,E,3,290.02,Gold,1,2,1.75,No
L,F,3,600.88,Gold,5,5,1,No
O,D,3,1896.4,Gold,2,5,2.5,No
E,F,3,143.39,Gold,5,10,2,No
C,F,3,1021.15,Gold,5,10,2,No
O,D,3,889.97,Gold,2,1,0.5,No
E,G,3,3063.41,Gold,2,15,7.5,No
J,F,3,4210.86,Gold,6,53,8.75,No
E,F,3,1164.73,Gold,7,47,6.75,No
B,K,3,132.68,Gold,1,3,3.25,No
F,E,3,389.58,Gold,8,2,0.25,No
O,B,4,529.44,Gold,0,0,0.5,Yes
E,E,4,152.82,Gold,1,7,6.75,No
H,D,4,3098.46,Gold,4,7,1.75,No
B,H,4,6217.14,Gold,4,11,2.75,No
K,C,4,254.62,Gold,4,3,0.75,No
B,H,4,348.29,Gold,10,23,2.25,No
B,G,4,6969.63,Gold,2,4,1.75,Yes
B,H,4,188.9,Gold,4,16,4,No
P,G,4,486.64,Gold,1,3,2.75,No
R,E,4,184.12,Gold,5,1,0.25,No
K,G,4,987.05,Gold,7,9,1.25,No
B,F,4,439.15,Gold,3,10,3.25,No
O,C,4,704,Gold,7,9,1.25,No
K,B,4,250.91,Gold,5,1,0.25,No
L,E,4,319.12,Gold,1,7,7.25,Yes
L,E,4,879.98,Gold,6,26,4.25,No
U,U,4,3884.58,Gold,2,2,1,No
H,C,4,734.8,Gold,2,1,0.5,No
B,F,4,3302.64,Gold,5,9,1.75,No
H,F,4,2316.53,Gold,4,8,2,No
B,G,4,707.44,Gold,1,3,2.5,No
G,E,4,362.67,Gold,1,1,0.75,No
L,K,4,221.98,Gold,1,2,1.5,No
F,E,4,1177.52,Gold,0,0,1.75,No
C,I,4,569.68,Gold,2,2,1,No
D,E,4,761.21,Gold,4,13,3.25,No
G,E,4,888.7,Gold,1,1,0.75,No
H,D,4,1889.55,Gold,2,2,1,No
A,K,4,1059.91,Gold,3,5,1.5,No
C,G,4,549.64,Gold,2,5,2.5,No
U,U,5,160.84,Gold,1,1,1,No
O,C,5,268.5,Gold,4,3,0.75,No
Q,G,5,469.99,Gold,10,95,9.5,No
I,F,5,670.72,Gold,1,3,3,No
G,D,5,127.54,Gold,8,26,3.25,No
B,F,5,799.33,Gold,7,12,1.75,No
O,B,5,122.64,Gold,3,3,1,No
G,E,5,1512.7,Gold,5,3,0.5,No
L,E,5,480.35,Gold,1,6,5.75,No
O,A,5,134.08,Gold,1,1,0.5,No
D,E,5,158.16,Gold,0,0,3.25,Yes
U,U,5,749.76,Gold,2,2,1,No
J,E,5,803.6,Gold,0,0,8.25,No
F,E,5,557.28,Gold,2,2,0.75,No
H,E,5,774.14,Gold,3,14,4.75,No
F,G,5,508.55,Gold,5,6,1.25,No
I,A,5,2643.74,Gold,12,12,1,No
O,B,5,1431.7,Gold,2,2,0.75,No
D,B,5,410.83,Gold,2,18,8.75,No
D,E,5,2744.12,Gold,1,1,0.5,No
D,F,5,3493.37,Gold,7,12,1.75,No
K,A,5,1702.4,Gold,4,7,1.75,No
U,U,5,429.19,Gold,4,4,1,No
A,L,5,917.65,Gold,9,50,5.5,No
D,G,5,283.98,Gold,1,6,6,No
L,F,5,410.69,Gold,5,4,0.75,No
A,L,5,420.22,Gold,8,40,5,No
H,D,5,974.27,Gold,3,27,9,No
K,H,5,1102.9,Gold,2,5,2.5,No
O,E,5,339.68,Gold,2,2,1,No
Q,A,5,138.83,Gold,3,4,1.25,No
P,A,5,304.38,Gold,1,2,1.5,No
U,U,5,525.12,Gold,2,2,1,No
E,C,5,663.68,Gold,3,8,2.75,No
O,A,5,186.82,Gold,1,1,0.5,No
C,I,5,6165.1,Gold,2,11,5.25,No
B,H,5,404.53,Gold,7,28,4,No
L,E,5,1027.62,Gold,5,24,4.75,No
L,E,5,209.1,Gold,2,4,2,No
D,C,5,177.5,Gold,2,8,3.75,No
O,A,5,140.9,Gold,1,0,0.25,No
D,E,6,159.11,Gold,8,12,1.5,No
C,G,6,224.08,Gold,9,25,2.75,No
D,A,6,1510.85,Gold,6,39,6.5,No
L,A,6,1048.55,Gold,4,4,1,No
K,A,6,958.96,Gold,5,1,0.25,No
P,B,6,1826.3,Gold,1,1,0.75,Yes
K,C,6,12995.32,Gold,4,3,0.75,Yes
K,D,6,5528.26,Gold,4,8,2,No
J,A,6,202.95,Gold,8,72,9,No
N,G,6,193.36,Gold,1,2,1.5,No
E,F,6,266.69,Gold,5,9,1.75,No
U,U,6,1038.35,Gold,3,3,1,No
G,F,6,923.84,Gold,0,0,0.5,Yes
O,H,6,862.36,Gold,2,18,9,No
E,G,6,1688.29,Gold,6,44,7.25,No
Q,B,6,591.5,Gold,2,26,12.75,No
E,B,6,178.32,Gold,9,27,3,No
G,C,6,213.97,Gold,10,20,2,No
J,A,6,306.59,Gold,1,10,10.25,No
L,E,6,982.86,Gold,2,14,6.75,No
P,B,6,245.82,Gold,2,10,5,No
I,E,6,660.24,Gold,1,2,2.25,No
B,I,6,270.77,Gold,1,7,7.25,Yes
I,H,6,1262.93,Gold,2,2,1,No
U,U,6,1480.53,Gold,3,3,1,No
C,F,6,486.72,Gold,3,22,7.25,No
K,B,6,173.66,Gold,4,10,2.5,No
G,C,6,1311.92,Gold,5,4,0.75,No
L,F,6,1261.57,Gold,2,15,7.5,No
H,E,7,342.24,Gold,10,13,1.25,No
U,U,7,529.25,Gold,6,6,1,No
P,E,7,120.44,Gold,2,13,6.25,No
J,B,7,1068.46,Gold,4,18,4.5,No
G,D,7,762.33,Gold,1,1,0.5,No
P,E,7,2084.9,Gold,8,14,1.75,No
J,D,7,3476.69,Gold,5,51,10.25,No
B,F,7,3153.66,Gold,6,21,3.5,No
P,F,7,490.74,Gold,1,2,1.75,Yes
Q,D,7,1012.03,Gold,3,29,9.75,No
I,E,7,850.27,Gold,6,5,0.75,No
N,E,7,1908.26,Gold,1,1,0.75,Yes
H,G,7,1809.82,Gold,5,24,4.75,No
H,E,7,244.18,Gold,3,17,5.5,No
C,K,7,136.03,Gold,9,23,2.5,No
O,C,7,2632.1,Gold,6,2,0.25,No
Q,A,7,479.9,Gold,1,1,1,Yes
C,E,7,1129.88,Gold,9,45,5,No
P,D,7,151.93,Gold,2,10,5,No
H,I,7,2517.16,Gold,2,4,1.75,Yes
J,E,7,407.93,Gold,11,33,3,No
U,U,7,754.08,Gold,2,2,1,No
M,B,7,714.48,Gold,1,2,1.75,Yes
O,F,7,567.07,Gold,2,1,0.25,No
K,E,8,384.72,Gold,8,8,1,No
J,G,8,1492.23,Gold,9,90,10,No
H,G,8,1408.24,Gold,2,5,2.25,No
E,D,8,278.12,Gold,2,18,9,No
D,H,8,348.99,Gold,8,16,2,No
L,D,8,1210.34,Gold,8,20,2.5,No
J,H,8,229.6,Gold,4,36,9,No
F,F,8,845.92,Gold,5,44,8.75,No
O,B,8,1215.43,Gold,7,2,0.25,No
G,G,8,898.08,Gold,12,18,1.5,No
J,A,8,515.57,Gold,1,6,5.75,No
H,F,8,913.92,Gold,1,2,2,No
B,F,8,806.11,Gold,8,18,2.25,No
B,E,8,6949.94,Gold,3,3,1,Yes
G,F,8,358.82,Gold,2,3,1.25,No
C,G,8,496.23,Gold,9,14,1.5,No
F,E,8,1218.1,Gold,4,4,1,No
P,E,8,510.69,Gold,4,2,0.5,No
E,H,8,457.92,Gold,8,2,0.25,No
O,E,8,329.11,Gold,8,2,0.25,No
C,F,8,1243.02,Gold,1,2,1.75,No
U,U,8,3134.35,Gold,8,8,1,No
C,G,8,2326.74,Gold,10,25,2.5,No
B,L,8,725.58,Gold,2,5,2.25,No
B,I,8,312.02,Gold,1,3,2.5,No
I,B,8,848.86,Gold,3,9,3,No
L,F,8,2526.9,Gold,1,1,1,No
L,G,8,1044.32,Gold,0,0,9.25,Yes
B,E,9,1934.14,Gold,3,1,0.25,No
U,U,9,11695.95,Gold,10,10,1,No
H,E,9,395.05,Gold,4,4,1,No
I,G,9,116.42,Gold,8,34,4.25,No
B,F,9,996.58,Gold,9,43,4.75,No
B,G,9,9163.47,Gold,1,3,2.5,Yes
Q,A,9,1392.06,Gold,4,7,1.75,No
B,F,9,426.79,Gold,1,6,5.5,Yes
B,H,9,226.75,Gold,2,2,0.75,No
A,J,9,137.92,Gold,7,47,6.75,No
E,A,9,4935.68,Gold,4,17,4.25,No
P,D,9,1648.54,Gold,7,5,0.75,No
B,L,9,1603.7,Gold,5,18,3.5,No
U,U,9,334.67,Gold,3,3,1,No
C,G,9,118.11,Gold,5,9,1.75,No
D,F,9,178.62,Gold,8,14,1.75,No
H,G,9,302.99,Gold,8,38,4.75,No
D,F,10,460.8,Bronze,1,7,6.5,No
E,H,10,174.38,Bronze,3,5,1.5,No
K,H,10,932.8,Bronze,4,8,2,No
A,I,10,283.84,Bronze,4,2,0.5,No
A,L,10,223.96,Bronze,3,14,4.75,No
F,G,10,424.8,Bronze,2,1,0.25,No
H,F,10,1926.27,Bronze,7,40,5.75,No
O,F,10,921.6,Bronze,9,5,0.5,No
B,F,10,362.88,Bronze,10,63,6.25,No
O,A,10,4887.55,Bronze,0,0,0.5,Yes
D,F,10,527.04,Bronze,1,4,4,No
B,E,10,476.64,Bronze,2,5,2.5,No
B,G,10,150.4,Bronze,9,20,2.25,No
K,E,10,885.6,Bronze,4,4,1,No
K,C,10,471.2,Bronze,0,0,0.75,Yes
A,I,10,319.68,Bronze,1,2,2,No
P,D,10,603.52,Bronze,3,11,3.5,No
G,E,10,222.46,Bronze,2,4,1.75,No
S,A,10,2995.01,Bronze,1,2,1.5,No
L,E,10,897.46,Bronze,2,13,6.5,No
B,I,10,907.13,Bronze,5,16,3.25,No
J,G,10,614.32,Bronze,10,100,10,No
J,D,10,419.37,Bronze,1,11,11,No
O,F,10,453.6,Bronze,3,3,1,No
O,B,10,106.88,Bronze,2,1,0.5,No
D,E,10,633.42,Bronze,6,51,8.5,No
S,A,10,156.82,Bronze,1,2,1.5,No
Q,D,10,895.84,Bronze,2,7,3.25,No
Q,E,10,532.8,Bronze,1,1,0.75,No
E,E,10,749.76,Bronze,2,13,6.5,No
B,A,10,199.68,Bronze,1,3,3.25,No
S,A,10,340.8,Bronze,9,2,0.25,No
E,D,10,387.14,Bronze,1,5,5.25,No
B,E,10,227.14,Bronze,1,5,4.75,No
C,E,10,278.4,Bronze,3,35,11.5,No
G,E,10,1534.9,Bronze,2,5,2.25,No
O,D,10,390.27,Bronze,1,1,1,No
B,J,10,319.92,Bronze,10,48,4.75,No
G,D,10,131.17,Bronze,8,6,0.75,No
O,A,10,665.41,Bronze,3,3,1,No
C,I,10,542.72,Bronze,3,7,2.25,No
O,C,10,481.55,Bronze,8,54,6.75,No
H,G,10,1152.62,Bronze,8,20,2.5,No
O,B,10,871.36,Bronze,1,1,0.5,No
D,B,10,1447.06,Bronze,4,6,1.5,No
A,I,10,205.25,Bronze,1,3,2.75,No
H,E,10,178.11,Bronze,8,20,2.5,No
Q,A,10,380.58,Bronze,1,0,0.25,No
J,E,10,619.2,Bronze,8,80,10,No
G,E,10,982.4,Bronze,4,3,0.75,No
U,U,10,127.44,Bronze,6,6,1,No
U,U,10,716.16,Bronze,4,4,1,No
Q,B,10,1367.84,Bronze,3,8,2.75,No
P,C,10,177.54,Bronze,2,1,0.25,No
C,F,10,116.59,Bronze,3,5,1.75,No
O,C,10,653.12,Bronze,2,2,0.75,No
O,B,10,502.49,Bronze,3,8,2.75,No
O,A,10,151.13,Bronze,1,2,2.25,No
G,E,10,1737.41,Bronze,2,3,1.25,Yes
G,F,10,425.6,Bronze,1,1,1,No
O,H,10,583.06,Bronze,2,5,2.5,No
G,I,10,176.08,Bronze,8,8,1,No
B,G,10,897.46,Bronze,9,43,4.75,No
C,C,10,513.12,Bronze,2,4,1.75,No
P,E,10,688,Bronze,4,13,3.25,No
O,F,10,1674.03,Bronze,1,1,1,Yes
C,G,10,784.8,Bronze,1,7,6.75,No
G,A,10,133.44,Bronze,2,5,2.5,No
B,G,10,134.34,Bronze,2,7,3.25,No
C,E,10,164.16,Bronze,3,2,0.75,No
J,B,10,5610.98,Bronze,1,5,4.75,Yes
C,H,10,561.6,Bronze,2,4,2,No
C,F,10,369.54,Bronze,4,5,1.25,No
L,K,10,558.4,Bronze,4,3,0.75,No
P,E,10,475.02,Bronze,4,7,1.75,No
K,C,10,1620.14,Bronze,5,4,0.75,No
C,E,10,286.4,Bronze,4,24,6,No
E,H,10,710.98,Bronze,4,45,11.25,No
O,E,10,238.4,Bronze,4,2,0.5,No
H,C,10,269.12,Bronze,6,29,4.75,No
K,C,10,431.36,Bronze,3,6,2,No
U,U,10,368.26,Bronze,5,5,1,No
P,A,10,407.84,Bronze,7,11,1.5,No
C,C,10,971.04,Bronze,3,9,3,No
A,H,10,589.44,Bronze,2,2,1,No
B,H,10,114.29,Bronze,7,33,4.75,No
S,C,10,1679.83,Bronze,5,6,1.25,No
U,U,10,155.88,Bronze,4,4,1,No
P,C,10,4200,Bronze,8,4,0.5,No
O,D,10,951.68,Bronze,1,1,1,No
S,D,10,138.39,Bronze,1,2,1.75,No
H,C,10,268.66,Bronze,11,30,2.75,No
Q,F,10,863.52,Bronze,1,3,2.75,No
R,D,10,956.8,Bronze,3,2,0.5,No
J,F,10,698.88,Bronze,1,5,5,No
O,F,10,165.76,Bronze,1,1,1,Yes
S,D,10,515.14,Bronze,1,2,1.75,No
H,E,10,464.4,Bronze,1,1,1.25,No
Q,E,10,335.68,Bronze,7,37,5.25,No
B,E,10,1421.18,Bronze,2,7,3.25,No
A,G,10,106.5,Bronze,3,1,0.25,No
D,F,10,263.96,Bronze,9,29,3.25,No
L,D,10,323.84,Bronze,4,14,3.5,No
E,A,1,140.42,Bronze,5,45,9,No
I,I,1,422.4,Bronze,3,11,3.5,No
E,F,1,323.52,Bronze,1,3,2.5,No
D,F,1,1108.71,Bronze,1,4,3.5,Yes
F,F,1,388.8,Bronze,1,1,1,No
P,B,1,549.12,Bronze,3,12,4,No
O,B,1,222.4,Bronze,1,0,0.25,No
L,F,1,134.4,Bronze,4,16,4,No
A,K,1,552,Bronze,7,40,5.75,No
D,F,1,707.2,Bronze,5,25,5,No
O,D,1,192.16,Bronze,10,8,0.75,No
C,F,1,391.03,Bronze,7,61,8.75,No
A,L,1,185.28,Bronze,6,9,1.5,No
U,U,1,203.04,Bronze,5,5,1,No
J,A,1,527.92,Bronze,10,100,10,No
G,A,1,628.06,Bronze,4,1,0.25,No
C,D,1,559.94,Bronze,2,10,4.75,No
P,A,1,178.08,Bronze,2,4,2,No
J,F,1,110.21,Bronze,2,19,9.25,No
L,A,1,1684.7,Bronze,5,9,1.75,No
I,C,1,1434.32,Bronze,5,14,2.75,No
U,U,1,717.6,Bronze,0,0,1,No
I,D,1,670.72,Bronze,3,4,1.25,No
O,D,1,140.62,Bronze,4,1,0.25,No
K,E,1,482.88,Bronze,11,11,1,No
M,D,1,287.88,Bronze,2,1,0.25,No
D,G,1,182.37,Bronze,5,28,5.5,No
C,D,1,861.12,Bronze,2,8,4,No
B,F,1,381.6,Bronze,5,6,1.25,No
F,G,1,430.12,Bronze,9,16,1.75,No
C,E,1,108.46,Bronze,4,18,4.5,No
P,B,1,1064.54,Bronze,2,9,4.5,No
B,G,1,483.92,Bronze,7,7,1,No
B,G,1,629.6,Bronze,4,6,1.5,No
P,D,1,331.76,Bronze,1,4,4.25,No
Q,B,1,396.92,Bronze,1,5,4.75,No
B,G,1,527.92,Bronze,6,14,2.25,No
C,F,1,517.96,Bronze,9,20,2.25,No
E,H,1,161.38,Bronze,10,13,1.25,No
H,E,1,153.44,Bronze,4,14,3.5,No
H,G,1,1352.16,Bronze,1,9,8.75,No
A,K,1,650.88,Bronze,9,9,1,No
C,K,1,1258.13,Bronze,2,18,8.75,No
Q,D,1,158.38,Bronze,1,4,3.75,No
E,J,1,374.38,Bronze,7,23,3.25,No
C,F,1,2140.92,Bronze,2,6,3,Yes
I,D,1,117.22,Bronze,2,3,1.25,No
Q,B,1,906.68,Bronze,3,20,6.5,No
F,D,1,244.48,Bronze,8,4,0.5,No
J,E,1,1951.94,Bronze,1,8,8.25,Yes
H,E,1,572.32,Bronze,5,1,0.25,No
C,F,1,4972.42,Bronze,1,6,6.25,Yes
P,C,1,163.34,Bronze,0,0,1.25,Yes
B,G,1,179.42,Bronze,8,10,1.25,No
Q,E,1,2419.2,Bronze,5,26,5.25,No
J,E,1,818.78,Bronze,2,14,7,No
C,H,1,462.4,Bronze,8,42,5.25,No
E,G,1,360.62,Bronze,9,45,5,No
K,G,1,431.94,Bronze,3,3,1,No
F,E,1,256.22,Bronze,5,5,1,No
C,G,1,583.2,Bronze,4,13,3.25,No
J,E,1,143.52,Bronze,1,9,9,No
B,G,1,230.38,Bronze,4,7,1.75,No
A,J,1,158.91,Bronze,8,16,2,No
L,D,1,114.19,Bronze,7,11,1.5,No
L,A,1,193.79,Bronze,2,10,5,No
C,J,1,796.8,Bronze,9,52,5.75,No
C,H,1,1548.54,Bronze,9,41,4.5,No
U,U,1,562.67,Bronze,5,5,1,No
C,G,1,432.08,Bronze,6,30,5,No
U,U,1,518.4,Bronze,2,2,1,No
A,K,1,105.58,Bronze,6,3,0.5,No
I,C,1,984.96,Bronze,2,2,1,No
S,B,1,483.14,Bronze,2,2,0.75,No
Q,D,1,3537.42,Bronze,2,3,1.25,Yes
A,L,1,233.38,Bronze,5,39,7.75,No
G,A,1,630,Bronze,8,8,1,No
U,U,1,108,Bronze,8,8,1,No
J,B,1,1612.67,Bronze,2,21,10.25,Yes
C,F,1,193.69,Bronze,9,43,4.75,No
A,K,1,3678.34,Bronze,7,28,4,No
B,D,1,1799.96,Bronze,3,9,3,No
B,G,1,246.4,Bronze,9,18,2,No
E,G,1,428.51,Bronze,3,7,2.25,No
Q,D,1,2671.06,Bronze,4,8,2,No
C,F,1,691.2,Bronze,5,45,9,No
A,F,1,714.56,Bronze,9,9,1,No
D,E,1,5279.91,Bronze,5,14,2.75,No
B,H,1,710.4,Bronze,9,18,2,No
B,G,2,187.06,Bronze,0,0,0.75,No
C,F,2,518.4,Bronze,4,2,0.5,No
B,G,2,199.96,Bronze,3,15,5,No
G,B,2,547.84,Bronze,12,9,0.75,No
U,U,2,488.96,Bronze,5,5,1,No
B,F,2,466.4,Bronze,4,4,1,No
B,J,2,462.4,Bronze,1,2,1.75,No
A,L,2,114.31,Bronze,9,18,2,No
A,L,2,107.14,Bronze,6,27,4.5,No
B,H,2,234.48,Bronze,6,12,2,No
C,I,2,359.99,Bronze,0,0,1.25,No
O,J,2,259.2,Bronze,4,1,0.25,No
H,E,2,716.67,Bronze,9,2,0.25,No
H,E,2,625.06,Bronze,4,8,2,No
B,H,2,479.38,Bronze,3,7,2.25,No
O,B,2,211.68,Bronze,7,2,0.25,No
B,H,2,463.96,Bronze,4,14,3.5,No
B,H,2,164.79,Bronze,5,4,0.75,No
L,C,2,318.4,Bronze,12,102,8.5,No
C,F,2,1180.7,Bronze,4,8,2,No
B,H,2,754,Bronze,5,26,5.25,No
B,F,2,376.32,Bronze,5,18,3.5,No
B,L,2,1828.61,Bronze,2,6,3,Yes
D,F,2,2111.68,Bronze,8,26,3.25,No
A,K,2,1975.22,Bronze,1,2,2,Yes
H,G,2,287.88,Bronze,2,2,1,No
A,H,3,255.36,Bronze,1,1,1,No
H,H,3,121.97,Bronze,3,6,2,No
R,F,3,255.17,Bronze,6,15,2.5,No
H,G,3,271.44,Bronze,4,8,2,No
G,A,3,139.44,Bronze,9,20,2.25,No
P,C,3,716.16,Bronze,12,18,1.5,No
L,D,3,287.9,Bronze,5,51,10.25,No
O,F,3,358.56,Bronze,1,2,2,No
O,E,3,1184.72,Bronze,1,4,4.25,No
P,E,3,863.71,Bronze,6,8,1.25,No
H,H,3,1284.98,Bronze,5,13,2.5,No
Q,B,3,183.68,Bronze,5,44,8.75,No
F,G,3,793.34,Bronze,3,3,1,No
F,E,3,235.09,Bronze,10,3,0.25,No
J,F,3,675.14,Bronze,2,18,9,No
E,E,3,287.04,Bronze,4,24,6,No
K,C,3,151.76,Bronze,6,14,2.25,No
B,I,3,401.45,Bronze,10,10,1,No
D,F,3,1568.52,Bronze,2,18,9,No
C,F,3,276.48,Bronze,1,4,4,No
I,F,3,429.52,Bronze,5,11,2.25,No
C,E,3,118.62,Bronze,1,6,5.5,No
Q,D,3,568,Bronze,2,2,1,No
C,I,3,550.08,Bronze,3,10,3.25,No
P,E,3,738,Bronze,5,14,2.75,No
H,B,3,533.76,Bronze,2,6,3,No
Q,A,3,904.32,Bronze,1,2,1.5,Yes
A,L,3,143.86,Bronze,11,25,2.25,No
U,U,3,839.04,Bronze,6,6,1,No
A,J,3,206.88,Bronze,2,4,2,No
D,G,3,244.66,Bronze,6,3,0.5,No
E,F,3,273.6,Bronze,9,9,1,No
F,E,3,881.28,Bronze,5,5,1,No
U,U,3,475.2,Bronze,8,8,1,No
J,E,3,511.36,Bronze,2,21,10.25,No
A,J,3,980,Bronze,3,7,2.25,No
B,J,3,816.14,Bronze,1,2,2,No
C,A,3,120.43,Bronze,5,28,5.5,No
B,K,3,123.96,Bronze,1,4,4,No
U,U,3,119.12,Bronze,1,1,1,No
C,G,3,492.91,Bronze,4,25,6.25,No
H,D,3,596.96,Bronze,1,1,0.75,No
E,F,3,2245.49,Bronze,1,5,5,Yes
K,H,3,150.53,Bronze,1,1,1,No
C,E,3,823.96,Bronze,1,5,4.75,No
C,H,3,6528.67,Bronze,5,26,5.25,No
C,I,3,209.76,Bronze,8,16,2,No
C,A,3,466.08,Bronze,1,2,2.25,No
J,A,3,681.6,Bronze,1,9,8.5,No
C,E,3,803.2,Bronze,3,9,3,No
C,H,3,339.04,Bronze,1,6,6,No
H,G,3,273.92,Bronze,2,6,3,No
Q,A,3,148.7,Bronze,3,7,2.25,No
L,D,3,193.42,Bronze,1,2,2,No
K,D,3,159.98,Bronze,5,5,1,No
C,G,3,325.58,Bronze,6,20,3.25,No
L,F,3,152,Bronze,4,17,4.25,No
P,E,3,352.8,Bronze,8,40,5,No
O,D,3,464.64,Bronze,0,0,1.25,No
O,D,3,113.55,Bronze,1,2,1.75,No
O,A,3,483.84,Bronze,5,1,0.25,No
B,H,3,219.31,Bronze,2,4,1.75,No
I,D,3,669.6,Bronze,5,9,1.75,No
K,H,4,1768.71,Bronze,1,2,1.5,Yes
B,D,4,316.75,Bronze,2,8,3.75,No
J,F,4,272.64,Bronze,1,5,4.75,No
B,G,4,104.04,Bronze,2,1,0.25,No
C,G,4,112.54,Bronze,1,4,4,No
A,H,4,127.68,Bronze,2,9,4.25,No
C,E,4,403.13,Bronze,2,1,0.25,No
F,E,4,147.84,Bronze,3,5,1.5,No
D,E,4,218.33,Bronze,10,28,2.75,No
F,A,4,1742.11,Bronze,2,3,1.25,No
D,F,4,282.08,Bronze,4,7,1.75,No
C,H,4,174.24,Bronze,5,24,4.75,No
D,F,4,130.4,Bronze,9,20,2.25,No
J,E,4,2927.62,Bronze,1,9,9,Yes
H,G,4,924,Bronze,1,1,1.25,No
U,U,4,1209.5,Bronze,5,5,1,No
U,U,4,1228.67,Bronze,1,1,1,No
R,D,4,681.31,Bronze,8,6,0.75,No
F,H,4,1775.84,Bronze,2,1,0.5,No
H,F,4,1190.56,Bronze,2,4,2,No
B,K,4,680,Bronze,2,4,2,No
G,H,4,441.92,Bronze,2,1,0.25,No
P,B,4,868.56,Bronze,7,4,0.5,No
C,E,4,940.75,Bronze,10,28,2.75,No
H,F,4,481.92,Bronze,1,3,2.75,No
J,D,4,359.52,Bronze,1,3,2.75,No
D,G,4,1701.79,Bronze,5,18,3.5,No
C,E,4,1926.27,Bronze,0,0,8.5,Yes
C,E,4,2303.87,Bronze,2,5,2.25,No
A,K,4,504.96,Bronze,1,3,3.25,No
L,E,4,330.51,Bronze,7,37,5.25,No
C,F,4,326.21,Bronze,2,16,8,No
O,A,4,932.8,Bronze,4,1,0.25,No
U,U,4,1180.75,Bronze,2,2,1,No
A,L,4,829.36,Bronze,2,10,5,No
U,U,4,669.76,Bronze,7,7,1,No
B,L,4,447.92,Bronze,2,9,4.5,No
A,J,4,959.52,Bronze,2,3,1.25,No
H,I,4,2867.57,Bronze,2,11,5.25,No
B,J,4,634.09,Bronze,2,6,2.75,No
C,G,4,127.71,Bronze,4,12,3,No
H,E,4,605.6,Bronze,0,0,5,No
B,J,4,614.04,Bronze,4,11,2.75,No
D,E,4,524.16,Bronze,9,16,1.75,No
H,C,4,105.58,Bronze,2,2,1,No
C,F,4,231.6,Bronze,2,10,5,No
H,I,4,1583.91,Bronze,1,2,2,Yes
D,F,4,291.1,Bronze,6,29,4.75,No
F,F,4,1088.02,Bronze,1,1,1,No
D,E,4,563.2,Bronze,2,3,1.5,No
F,H,4,393.22,Bronze,5,5,1,No
J,A,4,176.8,Bronze,10,123,12.25,No
U,U,4,447.84,Bronze,0,0,1,Yes
F,G,4,767.52,Bronze,2,2,1,No
Q,E,4,462.4,Bronze,2,3,1.25,No
C,E,4,327.04,Bronze,9,104,11.5,No
C,G,4,2565.12,Bronze,2,3,1.5,No
O,C,4,338.4,Bronze,4,2,0.5,No
A,L,4,963.1,Bronze,10,43,4.25,No
J,C,4,831.68,Bronze,1,7,7,No
F,F,4,148.81,Bronze,0,0,1,Yes
B,J,4,149.51,Bronze,6,9,1.5,No
C,K,4,368.26,Bronze,1,2,1.75,No
H,D,4,604.75,Bronze,0,0,1.5,Yes
B,G,4,925.53,Bronze,1,7,6.5,No
C,J,4,403.17,Bronze,5,6,1.25,No
D,G,4,1267.01,Bronze,4,19,4.75,No
B,G,4,3628.51,Bronze,9,32,3.5,No
A,J,4,163.88,Bronze,7,18,2.5,No
G,F,4,744.19,Bronze,10,18,1.75,No
B,C,4,322.56,Bronze,1,1,1.25,No
B,K,4,868.8,Bronze,1,2,2,No
C,K,4,791.95,Bronze,2,12,6,No
B,G,4,327.6,Bronze,3,10,3.25,No
C,G,4,4305.55,Bronze,5,20,4,No
B,G,4,3132.62,Bronze,4,17,4.25,No
C,G,4,391.2,Bronze,1,5,4.5,No
O,B,4,359.93,Bronze,4,3,0.75,No
L,E,4,508.64,Bronze,1,3,2.75,No
G,B,4,274.96,Bronze,6,8,1.25,No
J,E,4,1518.92,Bronze,1,4,4,Yes
F,G,4,594.72,Bronze,1,1,0.75,No
B,G,4,6968.3,Bronze,2,2,1,No
C,G,4,600.08,Bronze,1,3,3.25,No
D,E,4,114.24,Bronze,2,5,2.5,No
B,C,4,131.14,Bronze,1,2,2.25,No
H,F,4,289.54,Bronze,2,6,2.75,No
H,F,4,393.57,Bronze,2,2,1,No
Q,A,4,420.48,Bronze,7,26,3.75,No
D,E,5,1835.84,Bronze,5,6,1.25,No
K,A,5,344.18,Bronze,2,1,0.5,No
O,D,5,335.04,Bronze,1,0,0.25,No
O,A,5,237.54,Bronze,1,1,0.5,No
O,D,5,733.04,Bronze,3,3,1,No
K,C,5,186.24,Bronze,9,7,0.75,No
P,C,5,852.88,Bronze,4,1,0.25,No
O,E,5,253.44,Bronze,4,2,0.5,No
B,H,5,1421.66,Bronze,12,54,4.5,No
P,C,5,409.22,Bronze,2,4,1.75,No
P,C,5,299.2,Bronze,3,8,2.75,No
K,C,5,119.52,Bronze,7,19,2.75,No
C,I,5,422.75,Bronze,4,21,5.25,No
C,I,5,714.96,Bronze,4,12,3,No
K,E,5,350.52,Bronze,2,5,2.5,No
O,D,5,125.76,Bronze,2,1,0.25,No
E,E,5,574.08,Bronze,4,5,1.25,No
O,E,5,222.46,Bronze,2,3,1.5,No
O,C,5,306.72,Bronze,2,3,1.25,No
O,A,5,346.98,Bronze,9,5,0.5,No
J,F,5,673.86,Bronze,4,34,8.5,No
P,D,5,312,Bronze,3,3,1,No
O,D,5,3131.05,Bronze,1,1,1,No
K,B,5,2967.84,Bronze,1,0,0.25,No
O,C,5,167.81,Bronze,2,1,0.25,No
U,U,5,288.64,Bronze,2,2,1,No
A,K,5,527.92,Bronze,7,11,1.5,No
H,E,5,436.68,Bronze,1,2,1.5,No
E,E,5,176.8,Bronze,2,10,5,No
Q,A,5,929.28,Bronze,4,5,1.25,No
I,I,5,532.8,Bronze,1,1,1.25,No
I,E,5,232.32,Bronze,5,6,1.25,No
L,G,5,122.91,Bronze,1,11,10.75,Yes
D,B,5,255.84,Bronze,1,2,2,Yes
I,B,5,513.6,Bronze,3,1,0.25,No
M,E,5,111.72,Bronze,9,9,1,No
D,E,5,155.68,Bronze,1,1,0.75,No
I,E,5,1582.06,Bronze,3,8,2.75,No
H,E,5,639.2,Bronze,1,4,4,No
P,E,5,1139.14,Bronze,2,1,0.25,No
F,E,5,479.9,Bronze,8,12,1.5,No
H,E,5,468.16,Bronze,3,29,9.5,No
U,U,5,1047.84,Bronze,4,4,1,No
H,F,5,508.8,Bronze,2,1,0.5,No
O,F,5,316.75,Bronze,2,5,2.5,No
I,G,5,2120.62,Bronze,8,12,1.5,No
D,E,5,2257.02,Bronze,1,2,2,No
Q,E,5,1792.66,Bronze,2,10,4.75,No
U,U,5,371.84,Bronze,5,5,1,No
I,D,5,244.53,Bronze,9,83,9.25,No
H,A,5,513.92,Bronze,2,9,4.25,No
U,U,5,704.16,Bronze,1,1,1,No
J,A,5,133.95,Bronze,4,31,7.75,No
O,E,5,1516.61,Bronze,2,4,1.75,No
O,C,5,2938.94,Bronze,2,5,2.5,No
S,A,5,714.46,Bronze,3,9,3,No
D,B,5,252.67,Bronze,4,37,9.25,No
Q,C,5,4132.47,Bronze,2,3,1.25,No
P,C,5,403.09,Bronze,4,8,2,No
B,F,5,434.4,Bronze,10,18,1.75,No
E,A,5,579.2,Bronze,5,6,1.25,No
P,E,5,887.68,Bronze,3,11,3.75,No
D,H,5,518.4,Bronze,4,13,3.25,No
G,F,5,324.98,Bronze,5,13,2.5,No
Q,E,5,624.8,Bronze,1,3,3,No
D,G,5,275.76,Bronze,5,6,1.25,No
L,B,5,239.76,Bronze,3,9,3,No
D,E,5,181.25,Bronze,1,3,2.5,No
L,B,5,369.25,Bronze,1,5,4.75,No
O,C,5,503.96,Bronze,3,2,0.75,No
H,E,5,807.84,Bronze,2,17,8.5,No
P,E,5,101.12,Bronze,1,3,3.25,No
A,L,5,836.64,Bronze,9,27,3,No
B,H,5,623.3,Bronze,7,33,4.75,No
H,E,5,423.92,Bronze,3,6,2,No
O,E,5,668.64,Bronze,6,3,0.5,No
U,U,5,135.2,Bronze,6,6,1,No
D,D,5,114.82,Bronze,2,14,7,No
Q,B,5,495.43,Bronze,2,2,1,No
A,G,5,513.92,Bronze,5,8,1.5,No
O,A,5,984.96,Bronze,2,4,1.75,No
C,I,5,872.87,Bronze,4,12,3,No
P,A,5,481.38,Bronze,1,2,1.5,No
I,F,5,876.48,Bronze,2,4,1.75,No
F,E,5,728.8,Bronze,3,3,1,No
H,B,5,937.92,Bronze,7,23,3.25,No
H,F,5,2776.38,Bronze,2,6,2.75,No
G,A,5,246.72,Bronze,4,10,2.5,No
K,B,5,119.95,Bronze,5,6,1.25,No
S,A,5,906.4,Bronze,1,1,1.25,No
O,K,5,212.48,Bronze,1,1,1,No
H,E,5,371.76,Bronze,5,23,4.5,No
S,A,5,289.52,Bronze,2,2,1,No
S,A,6,166.85,Bronze,5,5,1,No
M,D,6,508.64,Bronze,2,6,2.75,No
K,A,6,1447.13,Bronze,2,2,0.75,Yes
P,A,6,287.92,Bronze,3,3,1,No
R,D,6,188.16,Bronze,9,2,0.25,No
O,C,6,646.79,Bronze,5,3,0.5,No
B,A,6,847.84,Bronze,1,5,4.75,No
O,A,6,169.92,Bronze,2,1,0.5,No
Q,A,6,115.17,Bronze,2,10,4.75,No
K,D,6,203.14,Bronze,3,4,1.25,No
H,E,6,739.09,Bronze,2,8,4,No
E,E,6,791.88,Bronze,10,28,2.75,No
K,E,6,597.6,Bronze,7,19,2.75,No
K,D,6,125.9,Bronze,6,20,3.25,No
U,U,6,783.84,Bronze,6,6,1,No
L,I,6,977.44,Bronze,1,5,5.25,No
K,H,6,275.2,Bronze,0,0,0.75,Yes
L,C,6,108.86,Bronze,4,11,2.75,No
B,E,6,1573.49,Bronze,1,9,8.5,No
H,G,6,1510.01,Bronze,3,3,1,No
P,C,6,767.52,Bronze,2,3,1.25,No
M,C,6,207.18,Bronze,5,44,8.75,No
G,G,6,518.4,Bronze,4,1,0.25,No
Q,A,6,2855.52,Bronze,1,2,2.25,Yes
E,D,6,392.8,Bronze,4,14,3.5,No
C,H,6,487.36,Bronze,7,47,6.75,No
R,E,6,362.5,Bronze,3,5,1.5,No
A,I,6,5381.79,Bronze,5,6,1.25,No
J,B,6,295.68,Bronze,4,37,9.25,No
C,F,6,839.2,Bronze,9,36,4,No
I,D,6,1243.52,Bronze,2,6,2.75,No
J,E,6,211.17,Bronze,4,20,5,No
Q,C,6,1205.42,Bronze,2,18,8.75,No
E,D,6,143.42,Bronze,2,17,8.5,No
K,D,6,298.56,Bronze,1,2,2.25,No
J,H,6,107.52,Bronze,3,28,9.25,No
C,H,6,807.84,Bronze,4,3,0.75,No
P,G,6,565.76,Bronze,2,12,6,No
C,G,6,492.8,Bronze,10,33,3.25,No
L,F,6,475.13,Bronze,4,4,1,No
Q,A,6,110.08,Bronze,2,14,6.75,No
J,B,6,1298.94,Bronze,9,77,8.5,No
O,H,6,701.76,Bronze,7,7,1,No
C,H,6,431.52,Bronze,5,24,4.75,No
P,D,6,621.54,Bronze,2,7,3.25,No
U,U,6,860.64,Bronze,9,9,1,No
A,L,6,414.72,Bronze,6,17,2.75,No
Q,B,6,1008.64,Bronze,8,70,8.75,No
H,F,6,4170.09,Bronze,8,14,1.75,No
O,A,6,5399.88,Bronze,3,1,0.25,Yes
O,B,6,518.27,Bronze,7,2,0.25,No
K,B,6,565.49,Bronze,5,3,0.5,No
G,G,6,7199.93,Bronze,5,8,1.5,No
C,F,6,1447.13,Bronze,2,12,6,No
R,A,6,811.2,Bronze,2,1,0.5,No
E,E,6,426.19,Bronze,8,56,7,No
O,D,6,138.39,Bronze,8,2,0.25,No
B,L,6,921.6,Bronze,5,5,1,No
P,D,6,432,Bronze,2,2,1,No
O,E,6,527.92,Bronze,7,7,1,No
P,A,6,215.04,Bronze,8,8,1,No
A,L,6,487.03,Bronze,5,28,5.5,No
A,J,6,288.79,Bronze,11,41,3.75,No
C,G,6,463.96,Bronze,4,11,2.75,No
O,F,6,112.24,Bronze,1,2,1.5,No
J,I,6,327.84,Bronze,3,15,5,No
I,F,6,473.76,Bronze,4,4,1,No
B,K,6,807.12,Bronze,11,14,1.25,No
D,E,6,215.92,Bronze,3,26,8.75,No
U,U,6,878.4,Bronze,9,9,1,No
Q,C,6,335.66,Bronze,3,38,12.75,No
L,E,6,136.49,Bronze,2,6,3,No
G,C,6,511.63,Bronze,5,1,0.25,No
G,E,6,115.2,Bronze,10,13,1.25,No
U,U,6,292,Bronze,6,6,1,No
R,A,6,360.62,Bronze,3,3,1,No
P,G,6,836.16,Bronze,1,2,1.5,No
C,G,6,665.41,Bronze,4,21,5.25,No
P,A,6,393.31,Bronze,2,2,0.75,No
B,E,6,110.53,Bronze,8,52,6.5,No
Q,D,6,523.68,Bronze,5,6,1.25,No
J,B,6,472.32,Bronze,8,102,12.75,No
B,E,6,580.71,Bronze,3,14,4.75,No
L,E,6,478.4,Bronze,3,21,7,No
U,U,6,399.6,Bronze,10,10,1,No
P,C,6,794.24,Bronze,4,5,1.25,No
F,E,6,1493.86,Bronze,1,3,2.5,Yes
P,B,6,151.84,Bronze,1,3,3.25,No
C,G,6,605.53,Bronze,2,6,2.75,No
Q,H,7,1767.68,Bronze,2,7,3.5,No
E,E,7,639.96,Bronze,2,17,8.5,No
O,D,7,799.2,Bronze,2,2,1,No
E,D,7,710.88,Bronze,3,10,3.25,No
K,D,7,518.4,Bronze,10,15,1.5,No
E,E,7,3295.84,Bronze,8,36,4.5,No
E,G,7,462.4,Bronze,4,12,3,No
C,F,7,455.97,Bronze,4,18,4.5,No
Q,A,7,250.68,Bronze,1,0,0.25,No
L,D,7,311.76,Bronze,0,0,2.5,No
A,F,7,158.38,Bronze,9,18,2,No
B,E,7,414.08,Bronze,9,16,1.75,No
S,C,7,334.4,Bronze,7,12,1.75,No
K,C,7,461.18,Bronze,1,0,0.25,No
H,E,7,344.18,Bronze,2,9,4.5,No
J,F,7,335.84,Bronze,3,13,4.25,No
G,A,7,2474.98,Bronze,2,9,4.5,No
I,F,7,484.7,Bronze,2,8,3.75,No
M,E,7,167.52,Bronze,2,4,1.75,No
E,E,7,1563.73,Bronze,2,4,2,No
H,I,7,459.63,Bronze,4,37,9.25,No
K,D,7,307.46,Bronze,1,1,1.25,No
C,H,7,329.76,Bronze,4,27,6.75,No
K,C,7,757.12,Bronze,9,23,2.5,No
H,E,7,983.92,Bronze,2,3,1.25,No
L,F,7,201.6,Bronze,2,3,1.25,No
J,F,7,101.12,Bronze,8,44,5.5,No
L,E,7,570.96,Bronze,3,4,1.25,No
A,I,7,681.41,Bronze,8,14,1.75,No
H,F,7,335.35,Bronze,1,1,0.75,Yes
E,F,7,136.8,Bronze,2,11,5.5,No
E,F,7,119.81,Bronze,3,8,2.75,No
C,H,7,359.99,Bronze,1,5,4.75,No
O,E,7,272.05,Bronze,1,8,8,No
I,G,7,1746.62,Bronze,5,9,1.75,No
K,E,7,1287.78,Bronze,2,2,1,No
H,A,7,926.4,Bronze,2,3,1.5,No
O,D,7,175.5,Bronze,5,4,0.75,No
K,D,7,526.24,Bronze,4,3,0.75,No
H,F,7,665.76,Bronze,4,22,5.5,No
C,H,7,4029.26,Bronze,5,23,4.5,No
P,E,7,239.2,Bronze,4,4,1,No
H,E,7,1007.94,Bronze,6,24,4,No
L,E,7,6427.68,Bronze,2,12,6,Yes
L,A,7,644.8,Bronze,3,19,6.25,No
U,U,7,145.38,Bronze,8,8,1,No
I,E,7,226.33,Bronze,4,16,4,No
U,U,7,1228.67,Bronze,6,6,1,No
G,C,7,109.3,Bronze,1,4,3.75,No
U,U,7,510.4,Bronze,2,2,1,No
F,E,7,316.56,Bronze,1,2,2,No
B,J,7,230.72,Bronze,9,9,1,No
I,D,7,371.76,Bronze,2,2,1,No
C,F,7,344.18,Bronze,5,54,10.75,No
O,C,7,192.16,Bronze,9,5,0.5,No
K,E,7,192.83,Bronze,1,2,1.5,No
L,E,7,596,Bronze,7,16,2.25,No
L,D,7,240.52,Bronze,2,16,7.75,No
M,K,7,2058.89,Bronze,9,27,3,No
L,C,7,518.4,Bronze,1,7,6.5,No
L,F,7,697.12,Bronze,2,3,1.25,No
J,E,7,835.2,Bronze,6,44,7.25,No
B,I,7,201.58,Bronze,5,5,1,No
J,F,7,235.68,Bronze,9,45,5,No
K,D,7,796.8,Bronze,6,5,0.75,No
E,F,7,812.8,Bronze,5,31,6.25,No
E,H,7,143.36,Bronze,9,9,1,No
J,E,7,1377.49,Bronze,1,8,8,Yes
J,F,7,111.87,Bronze,1,11,11,No
P,K,7,447.92,Bronze,7,4,0.5,No
I,E,8,702.72,Bronze,5,29,5.75,No
J,E,8,1180.7,Bronze,2,19,9.5,No
K,C,8,319.84,Bronze,1,1,0.5,No
E,E,8,1766.03,Bronze,2,5,2.5,No
A,J,8,721.92,Bronze,3,5,1.5,No
B,E,8,326.21,Bronze,5,14,2.75,No
J,C,8,3839.81,Bronze,4,23,5.75,No
A,L,8,1113.5,Bronze,7,16,2.25,No
M,E,8,3061.44,Bronze,3,1,0.25,No
E,A,8,849.92,Bronze,1,6,5.75,No
U,U,8,924,Bronze,8,8,1,No
A,I,8,1339.97,Bronze,1,4,4.25,No
K,D,8,1290.89,Bronze,5,3,0.5,No
U,U,8,2268.48,Bronze,4,4,1,No
B,F,8,100.79,Bronze,1,1,0.5,No
U,U,8,662.11,Bronze,3,3,1,No
E,G,8,211.11,Bronze,0,0,1,Yes
H,D,8,573.12,Bronze,10,48,4.75,No
G,E,8,165.88,Bronze,7,7,1,No
B,H,8,371.17,Bronze,5,23,4.5,No
O,A,8,314.88,Bronze,2,1,0.25,No
B,H,8,198.27,Bronze,3,4,1.25,No
O,D,8,146.16,Bronze,3,1,0.25,No
S,F,8,991.36,Bronze,7,7,1,No
R,B,8,330.4,Bronze,8,4,0.5,No
O,H,8,1367.84,Bronze,4,1,0.25,No
C,I,8,461.6,Bronze,4,12,3,No
Q,D,8,1455.68,Bronze,2,5,2.25,No
I,I,8,318.72,Bronze,1,1,1.25,No
B,H,8,314.69,Bronze,1,7,7,No
C,F,8,1269.35,Bronze,1,3,2.5,No
B,D,8,436.68,Bronze,1,6,5.5,No
C,B,8,528.64,Bronze,0,0,1.5,No
F,K,8,424.8,Bronze,1,1,1.25,No
C,J,8,160.78,Bronze,2,12,6,No
Q,B,8,436.8,Bronze,1,11,10.5,Yes
K,G,8,725.76,Bronze,5,4,0.75,No
Q,G,8,364.8,Bronze,1,2,2,No
R,C,8,119.84,Bronze,1,1,0.5,No
I,E,8,794.98,Bronze,3,26,8.75,No
P,C,8,544.8,Bronze,9,18,2,No
A,L,8,273.66,Bronze,8,26,3.25,No
Q,D,8,369.54,Bronze,9,81,9,No
Q,E,8,843.3,Bronze,1,4,3.5,No
L,C,8,237.44,Bronze,1,2,1.5,No
B,G,8,910.08,Bronze,11,44,4,No
A,I,8,131.17,Bronze,1,1,1.25,No
F,E,8,277.92,Bronze,9,18,2,No
L,E,8,4589.79,Bronze,3,14,4.75,No
K,C,8,192.13,Bronze,6,21,3.5,No
L,G,8,178.46,Bronze,5,6,1.25,No
E,G,8,665.6,Bronze,5,28,5.5,No
C,E,8,416.16,Bronze,10,18,1.75,No
O,E,8,126.72,Bronze,3,3,1,No
L,D,8,887.84,Bronze,6,17,2.75,No
U,U,8,913.6,Bronze,1,1,1,No
B,J,8,640.64,Bronze,4,16,4,No
C,G,8,866.8,Bronze,1,9,9,No
B,G,8,824.88,Bronze,6,12,2,No
U,U,8,565.76,Bronze,10,10,1,No
E,E,8,713.95,Bronze,4,36,9,No
D,G,8,387.33,Bronze,1,3,2.5,No
O,G,8,924.8,Bronze,5,24,4.75,No
F,F,8,396.54,Bronze,3,2,0.75,No
B,I,8,283.52,Bronze,2,5,2.25,No
O,C,8,766.4,Bronze,0,0,0.25,Yes
O,B,8,343.96,Bronze,1,3,2.75,Yes
U,U,8,655.06,Bronze,0,0,1,Yes
O,D,8,175.82,Bronze,8,4,0.5,No
E,G,8,1123.13,Bronze,5,33,6.5,No
D,H,8,459.2,Bronze,2,11,5.25,No
F,F,8,158.88,Bronze,8,8,1,No
C,F,8,433.6,Bronze,8,6,0.75,No
Q,D,8,1951.94,Bronze,2,5,2.25,No
C,G,8,111.17,Bronze,1,3,2.75,No
F,G,8,174.72,Bronze,7,7,1,No
L,B,8,585.31,Bronze,9,11,1.25,No
A,I,9,2142.3,Bronze,2,2,1,No
C,F,9,207.36,Bronze,1,7,6.75,No
F,G,9,625.92,Bronze,3,2,0.75,No
H,D,9,166.75,Bronze,1,1,1,No
A,H,9,222.88,Bronze,2,6,2.75,No
L,F,9,265.44,Bronze,6,35,5.75,No
I,F,9,262.4,Bronze,2,7,3.25,No
E,E,9,799.99,Bronze,1,7,7.25,No
A,K,9,413.92,Bronze,2,8,3.75,No
F,F,9,878.4,Bronze,1,1,1,No
O,F,9,479.96,Bronze,2,2,1,No
E,F,9,156.32,Bronze,2,4,2,No
Q,D,9,568,Bronze,7,68,9.75,No
P,B,9,16279.25,Bronze,1,1,0.75,Yes
U,U,9,161.84,Bronze,3,3,1,No
L,E,9,309.76,Bronze,4,9,2.25,No
O,D,9,633.6,Bronze,8,8,1,No
O,F,9,323.14,Bronze,6,14,2.25,No
J,F,9,641.57,Bronze,3,16,5.25,No
F,D,9,491.88,Bronze,6,6,1,No
D,A,9,203.84,Bronze,5,5,1,No
Q,A,9,142.8,Bronze,3,19,6.25,No
O,F,9,402.62,Bronze,1,1,1,No
H,F,9,552.56,Bronze,1,3,3.25,Yes
S,C,9,399.46,Bronze,8,6,0.75,No
B,G,9,997.92,Bronze,1,2,2.25,No
O,E,9,276.48,Bronze,2,2,1,No
C,H,9,623.96,Bronze,3,7,2.25,No
H,E,9,213.26,Bronze,3,8,2.75,No
I,E,9,164.64,Bronze,9,14,1.5,No
P,C,9,393.31,Bronze,5,4,0.75,No
B,H,9,969.41,Bronze,10,8,0.75,No
K,B,9,443.84,Bronze,4,1,0.25,No
F,F,9,362.88,Bronze,1,1,1,No
B,I,9,230.34,Bronze,3,7,2.25,No
K,G,9,105.31,Bronze,8,18,2.25,No
C,F,9,691.01,Bronze,3,14,4.5,No
B,J,9,312.96,Bronze,5,6,1.25,No
K,F,9,257.49,Bronze,2,2,0.75,No
E,K,9,623.79,Bronze,3,18,6,No
F,F,9,471.2,Bronze,8,8,1,No
O,C,9,8399.88,Bronze,5,5,1,No
H,D,9,297.41,Bronze,1,4,3.5,No
U,U,9,157.92,Bronze,2,2,1,No
J,F,9,442.05,Bronze,2,12,6,No
C,F,9,437.76,Bronze,6,27,4.5,No
O,B,9,1039.68,Bronze,4,4,1,No
J,C,9,384.32,Bronze,2,15,7.25,No
G,E,9,879.84,Bronze,4,2,0.5,No
C,G,9,1842.46,Bronze,1,5,4.75,Yes
C,F,9,460.8,Bronze,1,2,1.75,No
E,E,9,312.48,Bronze,4,22,5.5,No
D,F,9,503.96,Bronze,1,5,4.75,No
F,E,9,342.4,Bronze,3,3,1,No